Added Component: Designator=A1(CUI V78)
Add component (AddParameter): Name = "Part Number"; Value = "V7806-1000-SMT-TR"; VariantName = "[No Variations]"
Added Component: Designator=C1(CAP 0805_2012)
Add component (AddParameter): Name = "Applications"; Value = "Boardflex Sensitive"; VariantName = "[No Variations]"
Add component (AddParameter): Name = "Capacitance"; Value = "0.1 µF"; VariantName = "[No Variations]"
Add component (AddParameter): Name = "componentlink1description"; Value = "Datasheet"; VariantName = "[No Variations]"
Add component (AddParameter): Name = "componentlink1url"; Value = "https://connect.kemet.com:7667/gateway/IntelliData-ComponentDocumentation/1.0/download/datasheet/C0805X104K5RAC7210"; VariantName = "[No Variations]"
Add component (AddParameter): Name = "componentlink2description"; Value = "DigiKey Link"; VariantName = "[No Variations]"
Add component (AddParameter): Name = "componentlink2url"; Value = "https://www.digikey.com/en/products/detail/kemet/C0805X104K5RAC7210/12082600"; VariantName = "[No Variations]"
Add component (AddParameter): Name = "Device Package"; Value = "0805 (2012 Metric)"; VariantName = "[No Variations]"
Add component (AddParameter): Name = "Features"; Value = "Soft Termination"; VariantName = "[No Variations]"
Add component (AddParameter): Name = "lastupdated"; Value = "9/02/2024 8:14:45 PM"; VariantName = "[No Variations]"
Add component (AddParameter): Name = "Lifecycle Status"; Value = "Active"; VariantName = "[No Variations]"
Add component (AddParameter): Name = "manufacturer"; Value = "KEMET"; VariantName = "[No Variations]"
Add component (AddParameter): Name = "Minimum Order"; Value = "1"; VariantName = "[No Variations]"
Add component (AddParameter): Name = "Mounting Type"; Value = "Surface Mount, MLCC"; VariantName = "[No Variations]"
Add component (AddParameter): Name = "Operating Temperature"; Value = "-55°C ~ 125°C"; VariantName = "[No Variations]"
Add component (AddParameter): Name = "Package / Case"; Value = "0805 (2012 Metric)"; VariantName = "[No Variations]"
Add component (AddParameter): Name = "packaging"; Value = "TapeAndReel"; VariantName = "[No Variations]"
Add component (AddParameter): Name = "Part Number"; Value = "C0805X104K5RAC7210"; VariantName = "[No Variations]"
Add component (AddParameter): Name = "Part Status"; Value = "Active"; VariantName = "[No Variations]"
Add component (AddParameter): Name = "partid"; Value = "48810"; VariantName = "[No Variations]"
Add component (AddParameter): Name = "price"; Value = "0.05"; VariantName = "[No Variations]"
Add component (AddParameter): Name = "series"; Value = "SMD Comm X7R Flex"; VariantName = "[No Variations]"
Add component (AddParameter): Name = "Size / Dimension"; Value = "0.079" L x 0.049" W (2.00mm x 1.25mm)"; VariantName = "[No Variations]"
Add component (AddParameter): Name = "Supplier 1"; Value = "DigiKey"; VariantName = "[No Variations]"
Add component (AddParameter): Name = "Supplier Part Number 1"; Value = "399-C0805X104K5RAC7210CT-ND"; VariantName = "[No Variations]"
Add component (AddParameter): Name = "Temperature Coefficient"; Value = "X7R"; VariantName = "[No Variations]"
Add component (AddParameter): Name = "Thickness (Max)"; Value = "0.039" (0.98mm)"; VariantName = "[No Variations]"
Add component (AddParameter): Name = "Tolerance"; Value = "±10%"; VariantName = "[No Variations]"
Add component (AddParameter): Name = "Value"; Value = "0.1 µF"; VariantName = "[No Variations]"
Add component (AddParameter): Name = "Voltage - Rated"; Value = "50V"; VariantName = "[No Variations]"
Added Component: Designator=C2(CAP AL TH D8 L3.5 H12.5)
Add component (AddParameter): Name = "Applications"; Value = "General Purpose"; VariantName = "[No Variations]"
Add component (AddParameter): Name = "Capacitance"; Value = "2.2 µF"; VariantName = "[No Variations]"
Add component (AddParameter): Name = "componentlink1description"; Value = "Datasheet"; VariantName = "[No Variations]"
Add component (AddParameter): Name = "componentlink1url"; Value = "http://nichicon-us.com/english/products/pdfs/e-uvy.pdf"; VariantName = "[No Variations]"
Add component (AddParameter): Name = "componentlink2description"; Value = "DigiKey Link"; VariantName = "[No Variations]"
Add component (AddParameter): Name = "componentlink2url"; Value = "https://www.digikey.com/en/products/detail/nichicon/UVY2G2R2MPD/2539761"; VariantName = "[No Variations]"
Add component (AddParameter): Name = "Device Package"; Value = "Radial, Can"; VariantName = "[No Variations]"
Add component (AddParameter): Name = "Height - Seated (Max)"; Value = "0.492" (12.50mm)"; VariantName = "[No Variations]"
Add component (AddParameter): Name = "lastupdated"; Value = "8/02/2024 9:38:05 PM"; VariantName = "[No Variations]"
Add component (AddParameter): Name = "Lead Spacing"; Value = "0.138" (3.50mm)"; VariantName = "[No Variations]"
Add component (AddParameter): Name = "Lifecycle Status"; Value = "Active"; VariantName = "[No Variations]"
Add component (AddParameter): Name = "Lifetime @ Temp."; Value = "1000 Hrs @ 105°C"; VariantName = "[No Variations]"
Add component (AddParameter): Name = "manufacturer"; Value = "Nichicon"; VariantName = "[No Variations]"
Add component (AddParameter): Name = "Minimum Order"; Value = "1"; VariantName = "[No Variations]"
Add component (AddParameter): Name = "Mounting Type"; Value = "Through Hole"; VariantName = "[No Variations]"
Add component (AddParameter): Name = "Operating Temperature"; Value = "-40°C ~ 105°C"; VariantName = "[No Variations]"
Add component (AddParameter): Name = "Package / Case"; Value = "Radial, Can"; VariantName = "[No Variations]"
Add component (AddParameter): Name = "packaging"; Value = "Bulk"; VariantName = "[No Variations]"
Add component (AddParameter): Name = "Part Number"; Value = "UVY2G2R2MPD"; VariantName = "[No Variations]"
Add component (AddParameter): Name = "Part Status"; Value = "Active"; VariantName = "[No Variations]"
Add component (AddParameter): Name = "partid"; Value = "7299"; VariantName = "[No Variations]"
Add component (AddParameter): Name = "Polarization"; Value = "Polar"; VariantName = "[No Variations]"
Add component (AddParameter): Name = "price"; Value = "0.15"; VariantName = "[No Variations]"
Add component (AddParameter): Name = "Ripple Current @ High Frequency"; Value = "31.05 mA @ 10 kHz"; VariantName = "[No Variations]"
Add component (AddParameter): Name = "Ripple Current @ Low Frequency"; Value = "27 mA @ 120 Hz"; VariantName = "[No Variations]"
Add component (AddParameter): Name = "series"; Value = "UVY"; VariantName = "[No Variations]"
Add component (AddParameter): Name = "Size / Dimension"; Value = "0.315" Dia (8.00mm)"; VariantName = "[No Variations]"
Add component (AddParameter): Name = "Supplier 1"; Value = "DigiKey"; VariantName = "[No Variations]"
Add component (AddParameter): Name = "Supplier Part Number 1"; Value = "493-16197-ND"; VariantName = "[No Variations]"
Add component (AddParameter): Name = "Tolerance"; Value = "±20%"; VariantName = "[No Variations]"
Add component (AddParameter): Name = "value"; Value = "2.2 µF"; VariantName = "[No Variations]"
Add component (AddParameter): Name = "Voltage - Rated"; Value = "400 V"; VariantName = "[No Variations]"
Added Component: Designator=C3(CAP 1206_3216 - 1.0MM)
Add component (AddParameter): Name = "Applications"; Value = "Automotive, Boardflex Sensitive"; VariantName = "[No Variations]"
Add component (AddParameter): Name = "Capacitance"; Value = "1µF"; VariantName = "[No Variations]"
Add component (AddParameter): Name = "componentlink1description"; Value = "Datasheet"; VariantName = "[No Variations]"
Add component (AddParameter): Name = "componentlink1url"; Value = "http://datasheets.avx.com/AutoMLCC.pdf"; VariantName = "[No Variations]"
Add component (AddParameter): Name = "componentlink2description"; Value = "DigiKey Link"; VariantName = "[No Variations]"
Add component (AddParameter): Name = "componentlink2url"; Value = "http://digikey.com/product-detail/en/avx-corporation/12065C105K4Z2A/478-10886-1-ND/7536455"; VariantName = "[No Variations]"
Add component (AddParameter): Name = "Device Package"; Value = "1206 (3216 Metric)"; VariantName = "[No Variations]"
Add component (AddParameter): Name = "Features"; Value = "Soft Termination"; VariantName = "[No Variations]"
Add component (AddParameter): Name = "lastupdated"; Value = "2/09/2020 1:05:06 AM"; VariantName = "[No Variations]"
Add component (AddParameter): Name = "Lifecycle Status"; Value = "Active"; VariantName = "[No Variations]"
Add component (AddParameter): Name = "manufacturer"; Value = "AVX Corporation"; VariantName = "[No Variations]"
Add component (AddParameter): Name = "Minimum Order"; Value = "1"; VariantName = "[No Variations]"
Add component (AddParameter): Name = "Mounting Type"; Value = "Surface Mount, MLCC"; VariantName = "[No Variations]"
Add component (AddParameter): Name = "Operating Temperature"; Value = "-55°C ~ 125°C"; VariantName = "[No Variations]"
Add component (AddParameter): Name = "Package / Case"; Value = "1206 (3216 Metric)"; VariantName = "[No Variations]"
Add component (AddParameter): Name = "packaging"; Value = "TapeAndReel"; VariantName = "[No Variations]"
Add component (AddParameter): Name = "Part Number"; Value = "12065C105K4Z2A"; VariantName = "[No Variations]"
Add component (AddParameter): Name = "Part Status"; Value = "Active"; VariantName = "[No Variations]"
Add component (AddParameter): Name = "partid"; Value = "18944"; VariantName = "[No Variations]"
Add component (AddParameter): Name = "price"; Value = "0.12"; VariantName = "[No Variations]"
Add component (AddParameter): Name = "Ratings"; Value = "AEC-Q200"; VariantName = "[No Variations]"
Add component (AddParameter): Name = "series"; Value = "FLEXITERM®"; VariantName = "[No Variations]"
Add component (AddParameter): Name = "Size / Dimension"; Value = "0.126" L x 0.063" W (3.20mm x 1.60mm)"; VariantName = "[No Variations]"
Add component (AddParameter): Name = "Supplier 1"; Value = "DigiKey"; VariantName = "[No Variations]"
Add component (AddParameter): Name = "Supplier Part Number 1"; Value = "478-10886-1-ND"; VariantName = "[No Variations]"
Add component (AddParameter): Name = "Temperature Coefficient"; Value = "X7R"; VariantName = "[No Variations]"
Add component (AddParameter): Name = "Thickness (Max)"; Value = "0.037" (0.94mm)"; VariantName = "[No Variations]"
Add component (AddParameter): Name = "Tolerance"; Value = "±10%"; VariantName = "[No Variations]"
Add component (AddParameter): Name = "Value"; Value = "1µF"; VariantName = "[No Variations]"
Add component (AddParameter): Name = "Voltage - Rated"; Value = "50V"; VariantName = "[No Variations]"
Added Component: Designator=C4(CAP TH ALUM ELEC D6.30mm S2.50mm H12.70mm)
Add component (AddParameter): Name = "Applications"; Value = "General Purpose"; VariantName = "[No Variations]"
Add component (AddParameter): Name = "Capacitance"; Value = "47µF"; VariantName = "[No Variations]"
Add component (AddParameter): Name = "componentlink1description"; Value = "Datasheet"; VariantName = "[No Variations]"
Add component (AddParameter): Name = "componentlink1url"; Value = "https://industrial.panasonic.com/cdbs/www-data/pdf/RDF0000/ABA0000C1022.pdf"; VariantName = "[No Variations]"
Add component (AddParameter): Name = "componentlink2description"; Value = "DigiKey Link"; VariantName = "[No Variations]"
Add component (AddParameter): Name = "componentlink2url"; Value = "http://digikey.com/product-detail/en/panasonic-electronic-components/EEU-FR1H470/P124235-ND/9921029"; VariantName = "[No Variations]"
Add component (AddParameter): Name = "Device Package"; Value = "Radial, Can"; VariantName = "[No Variations]"
Add component (AddParameter): Name = "Height - Seated (Max)"; Value = "0.500" (12.70mm)"; VariantName = "[No Variations]"
Add component (AddParameter): Name = "Impedance"; Value = "140 mOhms"; VariantName = "[No Variations]"
Add component (AddParameter): Name = "lastupdated"; Value = "4/09/2020 1:05:46 AM"; VariantName = "[No Variations]"
Add component (AddParameter): Name = "Lead Spacing"; Value = "0.098" (2.50mm)"; VariantName = "[No Variations]"
Add component (AddParameter): Name = "Lifecycle Status"; Value = "Active"; VariantName = "[No Variations]"
Add component (AddParameter): Name = "Lifetime @ Temp."; Value = "5000 Hrs @ 105°C"; VariantName = "[No Variations]"
Add component (AddParameter): Name = "manufacturer"; Value = "Panasonic Electronic Components"; VariantName = "[No Variations]"
Add component (AddParameter): Name = "Minimum Order"; Value = "1"; VariantName = "[No Variations]"
Add component (AddParameter): Name = "Mounting Type"; Value = "Through Hole"; VariantName = "[No Variations]"
Add component (AddParameter): Name = "Operating Temperature"; Value = "-40°C ~ 105°C"; VariantName = "[No Variations]"
Add component (AddParameter): Name = "Package / Case"; Value = "Radial, Can"; VariantName = "[No Variations]"
Add component (AddParameter): Name = "packaging"; Value = "Bulk"; VariantName = "[No Variations]"
Add component (AddParameter): Name = "Part Number"; Value = "EEU-FR1H470"; VariantName = "[No Variations]"
Add component (AddParameter): Name = "Part Status"; Value = "Active"; VariantName = "[No Variations]"
Add component (AddParameter): Name = "partid"; Value = "20220"; VariantName = "[No Variations]"
Add component (AddParameter): Name = "Polarization"; Value = "Polar"; VariantName = "[No Variations]"
Add component (AddParameter): Name = "price"; Value = "0.31"; VariantName = "[No Variations]"
Add component (AddParameter): Name = "Ripple Current @ High Frequency"; Value = "405mA @ 100kHz"; VariantName = "[No Variations]"
Add component (AddParameter): Name = "Ripple Current @ Low Frequency"; Value = "283.5mA @ 120Hz"; VariantName = "[No Variations]"
Add component (AddParameter): Name = "series"; Value = "FR"; VariantName = "[No Variations]"
Add component (AddParameter): Name = "Size / Dimension"; Value = "0.248" Dia (6.30mm)"; VariantName = "[No Variations]"
Add component (AddParameter): Name = "Supplier 1"; Value = "DigiKey"; VariantName = "[No Variations]"
Add component (AddParameter): Name = "Supplier Part Number 1"; Value = "P124235-ND"; VariantName = "[No Variations]"
Add component (AddParameter): Name = "Tolerance"; Value = "±20%"; VariantName = "[No Variations]"
Add component (AddParameter): Name = "value"; Value = "47µF"; VariantName = "[No Variations]"
Add component (AddParameter): Name = "Voltage - Rated"; Value = "50V"; VariantName = "[No Variations]"
Added Component: Designator=C5(CAP TH ALUM ELEC D6.30mm S2.50mm H12.70mm)
Add component (AddParameter): Name = "Applications"; Value = "General Purpose"; VariantName = "[No Variations]"
Add component (AddParameter): Name = "Capacitance"; Value = "47µF"; VariantName = "[No Variations]"
Add component (AddParameter): Name = "componentlink1description"; Value = "Datasheet"; VariantName = "[No Variations]"
Add component (AddParameter): Name = "componentlink1url"; Value = "https://industrial.panasonic.com/cdbs/www-data/pdf/RDF0000/ABA0000C1022.pdf"; VariantName = "[No Variations]"
Add component (AddParameter): Name = "componentlink2description"; Value = "DigiKey Link"; VariantName = "[No Variations]"
Add component (AddParameter): Name = "componentlink2url"; Value = "http://digikey.com/product-detail/en/panasonic-electronic-components/EEU-FR1H470/P124235-ND/9921029"; VariantName = "[No Variations]"
Add component (AddParameter): Name = "Device Package"; Value = "Radial, Can"; VariantName = "[No Variations]"
Add component (AddParameter): Name = "Height - Seated (Max)"; Value = "0.500" (12.70mm)"; VariantName = "[No Variations]"
Add component (AddParameter): Name = "Impedance"; Value = "140 mOhms"; VariantName = "[No Variations]"
Add component (AddParameter): Name = "lastupdated"; Value = "4/09/2020 1:05:46 AM"; VariantName = "[No Variations]"
Add component (AddParameter): Name = "Lead Spacing"; Value = "0.098" (2.50mm)"; VariantName = "[No Variations]"
Add component (AddParameter): Name = "Lifecycle Status"; Value = "Active"; VariantName = "[No Variations]"
Add component (AddParameter): Name = "Lifetime @ Temp."; Value = "5000 Hrs @ 105°C"; VariantName = "[No Variations]"
Add component (AddParameter): Name = "manufacturer"; Value = "Panasonic Electronic Components"; VariantName = "[No Variations]"
Add component (AddParameter): Name = "Minimum Order"; Value = "1"; VariantName = "[No Variations]"
Add component (AddParameter): Name = "Mounting Type"; Value = "Through Hole"; VariantName = "[No Variations]"
Add component (AddParameter): Name = "Operating Temperature"; Value = "-40°C ~ 105°C"; VariantName = "[No Variations]"
Add component (AddParameter): Name = "Package / Case"; Value = "Radial, Can"; VariantName = "[No Variations]"
Add component (AddParameter): Name = "packaging"; Value = "Bulk"; VariantName = "[No Variations]"
Add component (AddParameter): Name = "Part Number"; Value = "EEU-FR1H470"; VariantName = "[No Variations]"
Add component (AddParameter): Name = "Part Status"; Value = "Active"; VariantName = "[No Variations]"
Add component (AddParameter): Name = "partid"; Value = "20220"; VariantName = "[No Variations]"
Add component (AddParameter): Name = "Polarization"; Value = "Polar"; VariantName = "[No Variations]"
Add component (AddParameter): Name = "price"; Value = "0.31"; VariantName = "[No Variations]"
Add component (AddParameter): Name = "Ripple Current @ High Frequency"; Value = "405mA @ 100kHz"; VariantName = "[No Variations]"
Add component (AddParameter): Name = "Ripple Current @ Low Frequency"; Value = "283.5mA @ 120Hz"; VariantName = "[No Variations]"
Add component (AddParameter): Name = "series"; Value = "FR"; VariantName = "[No Variations]"
Add component (AddParameter): Name = "Size / Dimension"; Value = "0.248" Dia (6.30mm)"; VariantName = "[No Variations]"
Add component (AddParameter): Name = "Supplier 1"; Value = "DigiKey"; VariantName = "[No Variations]"
Add component (AddParameter): Name = "Supplier Part Number 1"; Value = "P124235-ND"; VariantName = "[No Variations]"
Add component (AddParameter): Name = "Tolerance"; Value = "±20%"; VariantName = "[No Variations]"
Add component (AddParameter): Name = "value"; Value = "47µF"; VariantName = "[No Variations]"
Add component (AddParameter): Name = "Voltage - Rated"; Value = "50V"; VariantName = "[No Variations]"
Added Component: Designator=C6(CAP 1206_3216 - 0.8MM)
Add component (AddParameter): Name = "Applications"; Value = "Automotive, ESD Protection"; VariantName = "[No Variations]"
Add component (AddParameter): Name = "Capacitance"; Value = "0.047 µF"; VariantName = "[No Variations]"
Add component (AddParameter): Name = "componentlink1description"; Value = "Datasheet"; VariantName = "[No Variations]"
Add component (AddParameter): Name = "componentlink1url"; Value = "https://api.kemet.com/component-edge/download/datasheet/C1206C473K5RECAUTO.pdf"; VariantName = "[No Variations]"
Add component (AddParameter): Name = "componentlink2description"; Value = "DigiKey Link"; VariantName = "[No Variations]"
Add component (AddParameter): Name = "componentlink2url"; Value = "https://www.digikey.com/en/products/detail/kemet/C1206C473K5RECAUTO/8640487"; VariantName = "[No Variations]"
Add component (AddParameter): Name = "Device Package"; Value = "1206 (3216 Metric)"; VariantName = "[No Variations]"
Add component (AddParameter): Name = "lastupdated"; Value = "9/02/2024 8:18:49 PM"; VariantName = "[No Variations]"
Add component (AddParameter): Name = "Lifecycle Status"; Value = "Active"; VariantName = "[No Variations]"
Add component (AddParameter): Name = "manufacturer"; Value = "KEMET"; VariantName = "[No Variations]"
Add component (AddParameter): Name = "Minimum Order"; Value = "1"; VariantName = "[No Variations]"
Add component (AddParameter): Name = "Mounting Type"; Value = "Surface Mount, MLCC"; VariantName = "[No Variations]"
Add component (AddParameter): Name = "Operating Temperature"; Value = "-55°C ~ 125°C"; VariantName = "[No Variations]"
Add component (AddParameter): Name = "Package / Case"; Value = "1206 (3216 Metric)"; VariantName = "[No Variations]"
Add component (AddParameter): Name = "packaging"; Value = "TapeAndReel"; VariantName = "[No Variations]"
Add component (AddParameter): Name = "Part Number"; Value = "C1206C473K5RECAUTO"; VariantName = "[No Variations]"
Add component (AddParameter): Name = "Part Status"; Value = "Active"; VariantName = "[No Variations]"
Add component (AddParameter): Name = "partid"; Value = "19026"; VariantName = "[No Variations]"
Add component (AddParameter): Name = "price"; Value = "0.03"; VariantName = "[No Variations]"
Add component (AddParameter): Name = "Ratings"; Value = "AEC-Q200"; VariantName = "[No Variations]"
Add component (AddParameter): Name = "series"; Value = "ESD SMD Auto X7R"; VariantName = "[No Variations]"
Add component (AddParameter): Name = "Size / Dimension"; Value = "0.126" L x 0.063" W (3.20mm x 1.60mm)"; VariantName = "[No Variations]"
Add component (AddParameter): Name = "Supplier 1"; Value = "DigiKey"; VariantName = "[No Variations]"
Add component (AddParameter): Name = "Supplier Part Number 1"; Value = "399-17893-1-ND"; VariantName = "[No Variations]"
Add component (AddParameter): Name = "Temperature Coefficient"; Value = "X7R"; VariantName = "[No Variations]"
Add component (AddParameter): Name = "Thickness (Max)"; Value = "0.043" (1.10mm)"; VariantName = "[No Variations]"
Add component (AddParameter): Name = "Tolerance"; Value = "±10%"; VariantName = "[No Variations]"
Add component (AddParameter): Name = "Value"; Value = "0.047 µF"; VariantName = "[No Variations]"
Add component (AddParameter): Name = "Voltage - Rated"; Value = "50V"; VariantName = "[No Variations]"
Added Component: Designator=C7(CAP 1206_3216 - 0.8MM)
Add component (AddParameter): Name = "Applications"; Value = "General Purpose"; VariantName = "[No Variations]"
Add component (AddParameter): Name = "Capacitance"; Value = "4700 pF"; VariantName = "[No Variations]"
Add component (AddParameter): Name = "componentlink1description"; Value = "Datasheet"; VariantName = "[No Variations]"
Add component (AddParameter): Name = "componentlink1url"; Value = "https://88ce57.p3cdn1.secureserver.net/wp-content/uploads/2023/01/gmc_series-2.pdf"; VariantName = "[No Variations]"
Add component (AddParameter): Name = "componentlink2description"; Value = "DigiKey Link"; VariantName = "[No Variations]"
Add component (AddParameter): Name = "componentlink2url"; Value = "https://www.digikey.com/en/products/detail/cal-chip-electronics-inc/GMC31CG472G50NT/19910712"; VariantName = "[No Variations]"
Add component (AddParameter): Name = "Device Package"; Value = "1206 (3216 Metric)"; VariantName = "[No Variations]"
Add component (AddParameter): Name = "lastupdated"; Value = "9/02/2024 8:17:50 PM"; VariantName = "[No Variations]"
Add component (AddParameter): Name = "Lifecycle Status"; Value = "Active"; VariantName = "[No Variations]"
Add component (AddParameter): Name = "manufacturer"; Value = "Cal-Chip Electronics, Inc."; VariantName = "[No Variations]"
Add component (AddParameter): Name = "Minimum Order"; Value = "1"; VariantName = "[No Variations]"
Add component (AddParameter): Name = "Mounting Type"; Value = "Surface Mount, MLCC"; VariantName = "[No Variations]"
Add component (AddParameter): Name = "Operating Temperature"; Value = "-55°C ~ 125°C"; VariantName = "[No Variations]"
Add component (AddParameter): Name = "Package / Case"; Value = "1206 (3216 Metric)"; VariantName = "[No Variations]"
Add component (AddParameter): Name = "packaging"; Value = "TapeAndReel"; VariantName = "[No Variations]"
Add component (AddParameter): Name = "Part Number"; Value = "GMC31CG472G50NT"; VariantName = "[No Variations]"
Add component (AddParameter): Name = "partid"; Value = "56643"; VariantName = "[No Variations]"
Add component (AddParameter): Name = "price"; Value = "0.05"; VariantName = "[No Variations]"
Add component (AddParameter): Name = "series"; Value = "GMC"; VariantName = "[No Variations]"
Add component (AddParameter): Name = "Size / Dimension"; Value = "0.126" L x 0.063" W (3.20mm x 1.60mm)"; VariantName = "[No Variations]"
Add component (AddParameter): Name = "Supplier 1"; Value = "DigiKey"; VariantName = "[No Variations]"
Add component (AddParameter): Name = "Supplier Part Number 1"; Value = "4713-GMC31CG472G50NTCT-ND"; VariantName = "[No Variations]"
Add component (AddParameter): Name = "Temperature Coefficient"; Value = "C0G, NP0"; VariantName = "[No Variations]"
Add component (AddParameter): Name = "Thickness (Max)"; Value = "0.037" (0.95mm)"; VariantName = "[No Variations]"
Add component (AddParameter): Name = "Tolerance"; Value = "±2%"; VariantName = "[No Variations]"
Add component (AddParameter): Name = "Value"; Value = "4700 pF"; VariantName = "[No Variations]"
Add component (AddParameter): Name = "Voltage - Rated"; Value = "50V"; VariantName = "[No Variations]"
Added Component: Designator=C8(CAP 1210_3225 - 1MM)
Add component (AddParameter): Name = "Part Number"; Value = "GCJ32EC71H106KA01L"; VariantName = "[No Variations]"
Add component (AddParameter): Name = "Value"; Value = "10 µF"; VariantName = "[No Variations]"
Added Component: Designator=C9(CAP 1210_3225 - 2.8MM)
Add component (AddParameter): Name = "Part Number"; Value = "12103D226KAT2A"; VariantName = "[No Variations]"
Add component (AddParameter): Name = "Value"; Value = "22µF"; VariantName = "[No Variations]"
Added Component: Designator=C10(CAP MICA 27PF)
Add component (AddParameter): Name = "Supplier 1"; Value = "Digikey"; VariantName = "[No Variations]"
Add component (AddParameter): Name = "Supplier Part Number 1"; Value = "338-2618-ND"; VariantName = "[No Variations]"
Add component (AddParameter): Name = "Value"; Value = "15pF"; VariantName = "[No Variations]"
Added Component: Designator=C11(CAP 0805_2012)
Add component (AddParameter): Name = "Applications"; Value = "Boardflex Sensitive"; VariantName = "[No Variations]"
Add component (AddParameter): Name = "Capacitance"; Value = "0.1 µF"; VariantName = "[No Variations]"
Add component (AddParameter): Name = "componentlink1description"; Value = "Datasheet"; VariantName = "[No Variations]"
Add component (AddParameter): Name = "componentlink1url"; Value = "https://connect.kemet.com:7667/gateway/IntelliData-ComponentDocumentation/1.0/download/datasheet/C0805X104K5RAC7210"; VariantName = "[No Variations]"
Add component (AddParameter): Name = "componentlink2description"; Value = "DigiKey Link"; VariantName = "[No Variations]"
Add component (AddParameter): Name = "componentlink2url"; Value = "https://www.digikey.com/en/products/detail/kemet/C0805X104K5RAC7210/12082600"; VariantName = "[No Variations]"
Add component (AddParameter): Name = "Device Package"; Value = "0805 (2012 Metric)"; VariantName = "[No Variations]"
Add component (AddParameter): Name = "Features"; Value = "Soft Termination"; VariantName = "[No Variations]"
Add component (AddParameter): Name = "lastupdated"; Value = "9/02/2024 8:14:45 PM"; VariantName = "[No Variations]"
Add component (AddParameter): Name = "Lifecycle Status"; Value = "Active"; VariantName = "[No Variations]"
Add component (AddParameter): Name = "manufacturer"; Value = "KEMET"; VariantName = "[No Variations]"
Add component (AddParameter): Name = "Minimum Order"; Value = "1"; VariantName = "[No Variations]"
Add component (AddParameter): Name = "Mounting Type"; Value = "Surface Mount, MLCC"; VariantName = "[No Variations]"
Add component (AddParameter): Name = "Operating Temperature"; Value = "-55°C ~ 125°C"; VariantName = "[No Variations]"
Add component (AddParameter): Name = "Package / Case"; Value = "0805 (2012 Metric)"; VariantName = "[No Variations]"
Add component (AddParameter): Name = "packaging"; Value = "TapeAndReel"; VariantName = "[No Variations]"
Add component (AddParameter): Name = "Part Number"; Value = "C0805X104K5RAC7210"; VariantName = "[No Variations]"
Add component (AddParameter): Name = "Part Status"; Value = "Active"; VariantName = "[No Variations]"
Add component (AddParameter): Name = "partid"; Value = "48810"; VariantName = "[No Variations]"
Add component (AddParameter): Name = "price"; Value = "0.05"; VariantName = "[No Variations]"
Add component (AddParameter): Name = "series"; Value = "SMD Comm X7R Flex"; VariantName = "[No Variations]"
Add component (AddParameter): Name = "Size / Dimension"; Value = "0.079" L x 0.049" W (2.00mm x 1.25mm)"; VariantName = "[No Variations]"
Add component (AddParameter): Name = "Supplier 1"; Value = "DigiKey"; VariantName = "[No Variations]"
Add component (AddParameter): Name = "Supplier Part Number 1"; Value = "399-C0805X104K5RAC7210CT-ND"; VariantName = "[No Variations]"
Add component (AddParameter): Name = "Temperature Coefficient"; Value = "X7R"; VariantName = "[No Variations]"
Add component (AddParameter): Name = "Thickness (Max)"; Value = "0.039" (0.98mm)"; VariantName = "[No Variations]"
Add component (AddParameter): Name = "Tolerance"; Value = "±10%"; VariantName = "[No Variations]"
Add component (AddParameter): Name = "Value"; Value = "0.1 µF"; VariantName = "[No Variations]"
Add component (AddParameter): Name = "Voltage - Rated"; Value = "50V"; VariantName = "[No Variations]"
Added Component: Designator=C12(CAP 0805_2012)
Add component (AddParameter): Name = "Applications"; Value = "Boardflex Sensitive"; VariantName = "[No Variations]"
Add component (AddParameter): Name = "Capacitance"; Value = "0.1 µF"; VariantName = "[No Variations]"
Add component (AddParameter): Name = "componentlink1description"; Value = "Datasheet"; VariantName = "[No Variations]"
Add component (AddParameter): Name = "componentlink1url"; Value = "https://connect.kemet.com:7667/gateway/IntelliData-ComponentDocumentation/1.0/download/datasheet/C0805X104K5RAC7210"; VariantName = "[No Variations]"
Add component (AddParameter): Name = "componentlink2description"; Value = "DigiKey Link"; VariantName = "[No Variations]"
Add component (AddParameter): Name = "componentlink2url"; Value = "https://www.digikey.com/en/products/detail/kemet/C0805X104K5RAC7210/12082600"; VariantName = "[No Variations]"
Add component (AddParameter): Name = "Device Package"; Value = "0805 (2012 Metric)"; VariantName = "[No Variations]"
Add component (AddParameter): Name = "Features"; Value = "Soft Termination"; VariantName = "[No Variations]"
Add component (AddParameter): Name = "lastupdated"; Value = "9/02/2024 8:14:45 PM"; VariantName = "[No Variations]"
Add component (AddParameter): Name = "Lifecycle Status"; Value = "Active"; VariantName = "[No Variations]"
Add component (AddParameter): Name = "manufacturer"; Value = "KEMET"; VariantName = "[No Variations]"
Add component (AddParameter): Name = "Minimum Order"; Value = "1"; VariantName = "[No Variations]"
Add component (AddParameter): Name = "Mounting Type"; Value = "Surface Mount, MLCC"; VariantName = "[No Variations]"
Add component (AddParameter): Name = "Operating Temperature"; Value = "-55°C ~ 125°C"; VariantName = "[No Variations]"
Add component (AddParameter): Name = "Package / Case"; Value = "0805 (2012 Metric)"; VariantName = "[No Variations]"
Add component (AddParameter): Name = "packaging"; Value = "TapeAndReel"; VariantName = "[No Variations]"
Add component (AddParameter): Name = "Part Number"; Value = "C0805X104K5RAC7210"; VariantName = "[No Variations]"
Add component (AddParameter): Name = "Part Status"; Value = "Active"; VariantName = "[No Variations]"
Add component (AddParameter): Name = "partid"; Value = "48810"; VariantName = "[No Variations]"
Add component (AddParameter): Name = "price"; Value = "0.05"; VariantName = "[No Variations]"
Add component (AddParameter): Name = "series"; Value = "SMD Comm X7R Flex"; VariantName = "[No Variations]"
Add component (AddParameter): Name = "Size / Dimension"; Value = "0.079" L x 0.049" W (2.00mm x 1.25mm)"; VariantName = "[No Variations]"
Add component (AddParameter): Name = "Supplier 1"; Value = "DigiKey"; VariantName = "[No Variations]"
Add component (AddParameter): Name = "Supplier Part Number 1"; Value = "399-C0805X104K5RAC7210CT-ND"; VariantName = "[No Variations]"
Add component (AddParameter): Name = "Temperature Coefficient"; Value = "X7R"; VariantName = "[No Variations]"
Add component (AddParameter): Name = "Thickness (Max)"; Value = "0.039" (0.98mm)"; VariantName = "[No Variations]"
Add component (AddParameter): Name = "Tolerance"; Value = "±10%"; VariantName = "[No Variations]"
Add component (AddParameter): Name = "Value"; Value = "0.1 µF"; VariantName = "[No Variations]"
Add component (AddParameter): Name = "Voltage - Rated"; Value = "50V"; VariantName = "[No Variations]"
Added Component: Designator=C13(CAP 0805_2012)
Add component (AddParameter): Name = "Applications"; Value = "Boardflex Sensitive"; VariantName = "[No Variations]"
Add component (AddParameter): Name = "Capacitance"; Value = "0.1 µF"; VariantName = "[No Variations]"
Add component (AddParameter): Name = "componentlink1description"; Value = "Datasheet"; VariantName = "[No Variations]"
Add component (AddParameter): Name = "componentlink1url"; Value = "https://connect.kemet.com:7667/gateway/IntelliData-ComponentDocumentation/1.0/download/datasheet/C0805X104K5RAC7210"; VariantName = "[No Variations]"
Add component (AddParameter): Name = "componentlink2description"; Value = "DigiKey Link"; VariantName = "[No Variations]"
Add component (AddParameter): Name = "componentlink2url"; Value = "https://www.digikey.com/en/products/detail/kemet/C0805X104K5RAC7210/12082600"; VariantName = "[No Variations]"
Add component (AddParameter): Name = "Device Package"; Value = "0805 (2012 Metric)"; VariantName = "[No Variations]"
Add component (AddParameter): Name = "Features"; Value = "Soft Termination"; VariantName = "[No Variations]"
Add component (AddParameter): Name = "lastupdated"; Value = "9/02/2024 8:14:45 PM"; VariantName = "[No Variations]"
Add component (AddParameter): Name = "Lifecycle Status"; Value = "Active"; VariantName = "[No Variations]"
Add component (AddParameter): Name = "manufacturer"; Value = "KEMET"; VariantName = "[No Variations]"
Add component (AddParameter): Name = "Minimum Order"; Value = "1"; VariantName = "[No Variations]"
Add component (AddParameter): Name = "Mounting Type"; Value = "Surface Mount, MLCC"; VariantName = "[No Variations]"
Add component (AddParameter): Name = "Operating Temperature"; Value = "-55°C ~ 125°C"; VariantName = "[No Variations]"
Add component (AddParameter): Name = "Package / Case"; Value = "0805 (2012 Metric)"; VariantName = "[No Variations]"
Add component (AddParameter): Name = "packaging"; Value = "TapeAndReel"; VariantName = "[No Variations]"
Add component (AddParameter): Name = "Part Number"; Value = "C0805X104K5RAC7210"; VariantName = "[No Variations]"
Add component (AddParameter): Name = "Part Status"; Value = "Active"; VariantName = "[No Variations]"
Add component (AddParameter): Name = "partid"; Value = "48810"; VariantName = "[No Variations]"
Add component (AddParameter): Name = "price"; Value = "0.05"; VariantName = "[No Variations]"
Add component (AddParameter): Name = "series"; Value = "SMD Comm X7R Flex"; VariantName = "[No Variations]"
Add component (AddParameter): Name = "Size / Dimension"; Value = "0.079" L x 0.049" W (2.00mm x 1.25mm)"; VariantName = "[No Variations]"
Add component (AddParameter): Name = "Supplier 1"; Value = "DigiKey"; VariantName = "[No Variations]"
Add component (AddParameter): Name = "Supplier Part Number 1"; Value = "399-C0805X104K5RAC7210CT-ND"; VariantName = "[No Variations]"
Add component (AddParameter): Name = "Temperature Coefficient"; Value = "X7R"; VariantName = "[No Variations]"
Add component (AddParameter): Name = "Thickness (Max)"; Value = "0.039" (0.98mm)"; VariantName = "[No Variations]"
Add component (AddParameter): Name = "Tolerance"; Value = "±10%"; VariantName = "[No Variations]"
Add component (AddParameter): Name = "Value"; Value = "0.1 µF"; VariantName = "[No Variations]"
Add component (AddParameter): Name = "Voltage - Rated"; Value = "50V"; VariantName = "[No Variations]"
Added Component: Designator=C14(CAP 0805_2012)
Add component (AddParameter): Name = "Applications"; Value = "Boardflex Sensitive"; VariantName = "[No Variations]"
Add component (AddParameter): Name = "Capacitance"; Value = "0.1 µF"; VariantName = "[No Variations]"
Add component (AddParameter): Name = "componentlink1description"; Value = "Datasheet"; VariantName = "[No Variations]"
Add component (AddParameter): Name = "componentlink1url"; Value = "https://connect.kemet.com:7667/gateway/IntelliData-ComponentDocumentation/1.0/download/datasheet/C0805X104K5RAC7210"; VariantName = "[No Variations]"
Add component (AddParameter): Name = "componentlink2description"; Value = "DigiKey Link"; VariantName = "[No Variations]"
Add component (AddParameter): Name = "componentlink2url"; Value = "https://www.digikey.com/en/products/detail/kemet/C0805X104K5RAC7210/12082600"; VariantName = "[No Variations]"
Add component (AddParameter): Name = "Device Package"; Value = "0805 (2012 Metric)"; VariantName = "[No Variations]"
Add component (AddParameter): Name = "Features"; Value = "Soft Termination"; VariantName = "[No Variations]"
Add component (AddParameter): Name = "lastupdated"; Value = "9/02/2024 8:14:45 PM"; VariantName = "[No Variations]"
Add component (AddParameter): Name = "Lifecycle Status"; Value = "Active"; VariantName = "[No Variations]"
Add component (AddParameter): Name = "manufacturer"; Value = "KEMET"; VariantName = "[No Variations]"
Add component (AddParameter): Name = "Minimum Order"; Value = "1"; VariantName = "[No Variations]"
Add component (AddParameter): Name = "Mounting Type"; Value = "Surface Mount, MLCC"; VariantName = "[No Variations]"
Add component (AddParameter): Name = "Operating Temperature"; Value = "-55°C ~ 125°C"; VariantName = "[No Variations]"
Add component (AddParameter): Name = "Package / Case"; Value = "0805 (2012 Metric)"; VariantName = "[No Variations]"
Add component (AddParameter): Name = "packaging"; Value = "TapeAndReel"; VariantName = "[No Variations]"
Add component (AddParameter): Name = "Part Number"; Value = "C0805X104K5RAC7210"; VariantName = "[No Variations]"
Add component (AddParameter): Name = "Part Status"; Value = "Active"; VariantName = "[No Variations]"
Add component (AddParameter): Name = "partid"; Value = "48810"; VariantName = "[No Variations]"
Add component (AddParameter): Name = "price"; Value = "0.05"; VariantName = "[No Variations]"
Add component (AddParameter): Name = "series"; Value = "SMD Comm X7R Flex"; VariantName = "[No Variations]"
Add component (AddParameter): Name = "Size / Dimension"; Value = "0.079" L x 0.049" W (2.00mm x 1.25mm)"; VariantName = "[No Variations]"
Add component (AddParameter): Name = "Supplier 1"; Value = "DigiKey"; VariantName = "[No Variations]"
Add component (AddParameter): Name = "Supplier Part Number 1"; Value = "399-C0805X104K5RAC7210CT-ND"; VariantName = "[No Variations]"
Add component (AddParameter): Name = "Temperature Coefficient"; Value = "X7R"; VariantName = "[No Variations]"
Add component (AddParameter): Name = "Thickness (Max)"; Value = "0.039" (0.98mm)"; VariantName = "[No Variations]"
Add component (AddParameter): Name = "Tolerance"; Value = "±10%"; VariantName = "[No Variations]"
Add component (AddParameter): Name = "Value"; Value = "0.1 µF"; VariantName = "[No Variations]"
Add component (AddParameter): Name = "Voltage - Rated"; Value = "50V"; VariantName = "[No Variations]"
Added Component: Designator=C15(CAP 0805_2012)
Add component (AddParameter): Name = "Applications"; Value = "Boardflex Sensitive"; VariantName = "[No Variations]"
Add component (AddParameter): Name = "Capacitance"; Value = "0.1 µF"; VariantName = "[No Variations]"
Add component (AddParameter): Name = "componentlink1description"; Value = "Datasheet"; VariantName = "[No Variations]"
Add component (AddParameter): Name = "componentlink1url"; Value = "https://connect.kemet.com:7667/gateway/IntelliData-ComponentDocumentation/1.0/download/datasheet/C0805X104K5RAC7210"; VariantName = "[No Variations]"
Add component (AddParameter): Name = "componentlink2description"; Value = "DigiKey Link"; VariantName = "[No Variations]"
Add component (AddParameter): Name = "componentlink2url"; Value = "https://www.digikey.com/en/products/detail/kemet/C0805X104K5RAC7210/12082600"; VariantName = "[No Variations]"
Add component (AddParameter): Name = "Device Package"; Value = "0805 (2012 Metric)"; VariantName = "[No Variations]"
Add component (AddParameter): Name = "Features"; Value = "Soft Termination"; VariantName = "[No Variations]"
Add component (AddParameter): Name = "lastupdated"; Value = "9/02/2024 8:14:45 PM"; VariantName = "[No Variations]"
Add component (AddParameter): Name = "Lifecycle Status"; Value = "Active"; VariantName = "[No Variations]"
Add component (AddParameter): Name = "manufacturer"; Value = "KEMET"; VariantName = "[No Variations]"
Add component (AddParameter): Name = "Minimum Order"; Value = "1"; VariantName = "[No Variations]"
Add component (AddParameter): Name = "Mounting Type"; Value = "Surface Mount, MLCC"; VariantName = "[No Variations]"
Add component (AddParameter): Name = "Operating Temperature"; Value = "-55°C ~ 125°C"; VariantName = "[No Variations]"
Add component (AddParameter): Name = "Package / Case"; Value = "0805 (2012 Metric)"; VariantName = "[No Variations]"
Add component (AddParameter): Name = "packaging"; Value = "TapeAndReel"; VariantName = "[No Variations]"
Add component (AddParameter): Name = "Part Number"; Value = "C0805X104K5RAC7210"; VariantName = "[No Variations]"
Add component (AddParameter): Name = "Part Status"; Value = "Active"; VariantName = "[No Variations]"
Add component (AddParameter): Name = "partid"; Value = "48810"; VariantName = "[No Variations]"
Add component (AddParameter): Name = "price"; Value = "0.05"; VariantName = "[No Variations]"
Add component (AddParameter): Name = "series"; Value = "SMD Comm X7R Flex"; VariantName = "[No Variations]"
Add component (AddParameter): Name = "Size / Dimension"; Value = "0.079" L x 0.049" W (2.00mm x 1.25mm)"; VariantName = "[No Variations]"
Add component (AddParameter): Name = "Supplier 1"; Value = "DigiKey"; VariantName = "[No Variations]"
Add component (AddParameter): Name = "Supplier Part Number 1"; Value = "399-C0805X104K5RAC7210CT-ND"; VariantName = "[No Variations]"
Add component (AddParameter): Name = "Temperature Coefficient"; Value = "X7R"; VariantName = "[No Variations]"
Add component (AddParameter): Name = "Thickness (Max)"; Value = "0.039" (0.98mm)"; VariantName = "[No Variations]"
Add component (AddParameter): Name = "Tolerance"; Value = "±10%"; VariantName = "[No Variations]"
Add component (AddParameter): Name = "Value"; Value = "0.1 µF"; VariantName = "[No Variations]"
Add component (AddParameter): Name = "Voltage - Rated"; Value = "50V"; VariantName = "[No Variations]"
Added Component: Designator=C16(CAP MICA 27PF)
Add component (AddParameter): Name = "Supplier 1"; Value = "Digikey"; VariantName = "[No Variations]"
Add component (AddParameter): Name = "Supplier Part Number 1"; Value = "338-2623-ND"; VariantName = "[No Variations]"
Add component (AddParameter): Name = "Value"; Value = "27pF"; VariantName = "[No Variations]"
Added Component: Designator=C17(CAP 0805_2012)
Add component (AddParameter): Name = "Applications"; Value = "Boardflex Sensitive"; VariantName = "[No Variations]"
Add component (AddParameter): Name = "Capacitance"; Value = "0.1 µF"; VariantName = "[No Variations]"
Add component (AddParameter): Name = "componentlink1description"; Value = "Datasheet"; VariantName = "[No Variations]"
Add component (AddParameter): Name = "componentlink1url"; Value = "https://connect.kemet.com:7667/gateway/IntelliData-ComponentDocumentation/1.0/download/datasheet/C0805X104K5RAC7210"; VariantName = "[No Variations]"
Add component (AddParameter): Name = "componentlink2description"; Value = "DigiKey Link"; VariantName = "[No Variations]"
Add component (AddParameter): Name = "componentlink2url"; Value = "https://www.digikey.com/en/products/detail/kemet/C0805X104K5RAC7210/12082600"; VariantName = "[No Variations]"
Add component (AddParameter): Name = "Device Package"; Value = "0805 (2012 Metric)"; VariantName = "[No Variations]"
Add component (AddParameter): Name = "Features"; Value = "Soft Termination"; VariantName = "[No Variations]"
Add component (AddParameter): Name = "lastupdated"; Value = "9/02/2024 8:14:45 PM"; VariantName = "[No Variations]"
Add component (AddParameter): Name = "Lifecycle Status"; Value = "Active"; VariantName = "[No Variations]"
Add component (AddParameter): Name = "manufacturer"; Value = "KEMET"; VariantName = "[No Variations]"
Add component (AddParameter): Name = "Minimum Order"; Value = "1"; VariantName = "[No Variations]"
Add component (AddParameter): Name = "Mounting Type"; Value = "Surface Mount, MLCC"; VariantName = "[No Variations]"
Add component (AddParameter): Name = "Operating Temperature"; Value = "-55°C ~ 125°C"; VariantName = "[No Variations]"
Add component (AddParameter): Name = "Package / Case"; Value = "0805 (2012 Metric)"; VariantName = "[No Variations]"
Add component (AddParameter): Name = "packaging"; Value = "TapeAndReel"; VariantName = "[No Variations]"
Add component (AddParameter): Name = "Part Number"; Value = "C0805X104K5RAC7210"; VariantName = "[No Variations]"
Add component (AddParameter): Name = "Part Status"; Value = "Active"; VariantName = "[No Variations]"
Add component (AddParameter): Name = "partid"; Value = "48810"; VariantName = "[No Variations]"
Add component (AddParameter): Name = "price"; Value = "0.05"; VariantName = "[No Variations]"
Add component (AddParameter): Name = "series"; Value = "SMD Comm X7R Flex"; VariantName = "[No Variations]"
Add component (AddParameter): Name = "Size / Dimension"; Value = "0.079" L x 0.049" W (2.00mm x 1.25mm)"; VariantName = "[No Variations]"
Add component (AddParameter): Name = "Supplier 1"; Value = "DigiKey"; VariantName = "[No Variations]"
Add component (AddParameter): Name = "Supplier Part Number 1"; Value = "399-C0805X104K5RAC7210CT-ND"; VariantName = "[No Variations]"
Add component (AddParameter): Name = "Temperature Coefficient"; Value = "X7R"; VariantName = "[No Variations]"
Add component (AddParameter): Name = "Thickness (Max)"; Value = "0.039" (0.98mm)"; VariantName = "[No Variations]"
Add component (AddParameter): Name = "Tolerance"; Value = "±10%"; VariantName = "[No Variations]"
Add component (AddParameter): Name = "Value"; Value = "0.1 µF"; VariantName = "[No Variations]"
Add component (AddParameter): Name = "Voltage - Rated"; Value = "50V"; VariantName = "[No Variations]"
Added Component: Designator=C18(CAP 1210_3225 - 1MM)
Add component (AddParameter): Name = "Applications"; Value = "Boardflex Sensitive"; VariantName = "[No Variations]"
Add component (AddParameter): Name = "Capacitance"; Value = "0.1 µF"; VariantName = "[No Variations]"
Add component (AddParameter): Name = "componentlink1description"; Value = "Datasheet"; VariantName = "[No Variations]"
Add component (AddParameter): Name = "componentlink1url"; Value = "https://connect.kemet.com:7667/gateway/IntelliData-ComponentDocumentation/1.0/download/datasheet/C1210J104K2RAC7800"; VariantName = "[No Variations]"
Add component (AddParameter): Name = "componentlink2description"; Value = "DigiKey Link"; VariantName = "[No Variations]"
Add component (AddParameter): Name = "componentlink2url"; Value = "https://www.digikey.com/en/products/detail/kemet/C1210J104K2RAC7800/12082491"; VariantName = "[No Variations]"
Add component (AddParameter): Name = "Device Package"; Value = "1210 (3225 Metric)"; VariantName = "[No Variations]"
Add component (AddParameter): Name = "Features"; Value = "Open Mode, Soft Termination"; VariantName = "[No Variations]"
Add component (AddParameter): Name = "lastupdated"; Value = "4/06/2024 7:20:48 PM"; VariantName = "[No Variations]"
Add component (AddParameter): Name = "Lifecycle Status"; Value = "Active"; VariantName = "[No Variations]"
Add component (AddParameter): Name = "manufacturer"; Value = "KEMET"; VariantName = "[No Variations]"
Add component (AddParameter): Name = "Minimum Order"; Value = "1"; VariantName = "[No Variations]"
Add component (AddParameter): Name = "Mounting Type"; Value = "Surface Mount, MLCC"; VariantName = "[No Variations]"
Add component (AddParameter): Name = "Operating Temperature"; Value = "-55°C ~ 125°C"; VariantName = "[No Variations]"
Add component (AddParameter): Name = "Package / Case"; Value = "1210 (3225 Metric)"; VariantName = "[No Variations]"
Add component (AddParameter): Name = "packaging"; Value = "TapeAndReel"; VariantName = "[No Variations]"
Add component (AddParameter): Name = "Part Number"; Value = "C1210J104K2RAC7800"; VariantName = "[No Variations]"
Add component (AddParameter): Name = "Part Status"; Value = "Active"; VariantName = "[No Variations]"
Add component (AddParameter): Name = "partid"; Value = "49670"; VariantName = "[No Variations]"
Add component (AddParameter): Name = "price"; Value = "0.24"; VariantName = "[No Variations]"
Add component (AddParameter): Name = "series"; Value = "SMD Comm X7R FO"; VariantName = "[No Variations]"
Add component (AddParameter): Name = "Size / Dimension"; Value = "0.130" L x 0.102" W (3.30mm x 2.60mm)"; VariantName = "[No Variations]"
Add component (AddParameter): Name = "Supplier 1"; Value = "DigiKey"; VariantName = "[No Variations]"
Add component (AddParameter): Name = "Supplier Part Number 1"; Value = "399-C1210J104K2RAC7800CT-ND"; VariantName = "[No Variations]"
Add component (AddParameter): Name = "Temperature Coefficient"; Value = "X7R"; VariantName = "[No Variations]"
Add component (AddParameter): Name = "Thickness (Max)"; Value = "0.057" (1.45mm)"; VariantName = "[No Variations]"
Add component (AddParameter): Name = "Tolerance"; Value = "±10%"; VariantName = "[No Variations]"
Add component (AddParameter): Name = "Value"; Value = "0.1 µF"; VariantName = "[No Variations]"
Add component (AddParameter): Name = "Voltage - Rated"; Value = "200V"; VariantName = "[No Variations]"
Added Component: Designator=C19(CAP TH ALUM ELEC D4.00mm S1.50mm H6.00mm)
Add component (AddParameter): Name = "Applications"; Value = "General Purpose"; VariantName = "[No Variations]"
Add component (AddParameter): Name = "Capacitance"; Value = "1µF"; VariantName = "[No Variations]"
Add component (AddParameter): Name = "componentlink1description"; Value = "Datasheet"; VariantName = "[No Variations]"
Add component (AddParameter): Name = "componentlink1url"; Value = "http://nichicon-us.com/english/products/pdfs/e-umf.pdf"; VariantName = "[No Variations]"
Add component (AddParameter): Name = "componentlink2description"; Value = "DigiKey Link"; VariantName = "[No Variations]"
Add component (AddParameter): Name = "componentlink2url"; Value = "http://digikey.com/product-detail/en/nichicon/UMF1V010MDD/493-15541-ND/2598666"; VariantName = "[No Variations]"
Add component (AddParameter): Name = "Device Package"; Value = "Radial, Can"; VariantName = "[No Variations]"
Add component (AddParameter): Name = "Height - Seated (Max)"; Value = "0.236" (6.00mm)"; VariantName = "[No Variations]"
Add component (AddParameter): Name = "Impedance"; Value = "5 Ohms"; VariantName = "[No Variations]"
Add component (AddParameter): Name = "lastupdated"; Value = "6/09/2020 1:48:30 AM"; VariantName = "[No Variations]"
Add component (AddParameter): Name = "Lead Spacing"; Value = "0.059" (1.50mm)"; VariantName = "[No Variations]"
Add component (AddParameter): Name = "Lifecycle Status"; Value = "Active"; VariantName = "[No Variations]"
Add component (AddParameter): Name = "Lifetime @ Temp."; Value = "1000 Hrs @ 105°C"; VariantName = "[No Variations]"
Add component (AddParameter): Name = "manufacturer"; Value = "Nichicon"; VariantName = "[No Variations]"
Add component (AddParameter): Name = "Minimum Order"; Value = "1"; VariantName = "[No Variations]"
Add component (AddParameter): Name = "Mounting Type"; Value = "Through Hole"; VariantName = "[No Variations]"
Add component (AddParameter): Name = "Operating Temperature"; Value = "-55°C ~ 105°C"; VariantName = "[No Variations]"
Add component (AddParameter): Name = "Package / Case"; Value = "Radial, Can"; VariantName = "[No Variations]"
Add component (AddParameter): Name = "packaging"; Value = "Bulk"; VariantName = "[No Variations]"
Add component (AddParameter): Name = "Part Number"; Value = "UMF1V010MDD"; VariantName = "[No Variations]"
Add component (AddParameter): Name = "Part Status"; Value = "Active"; VariantName = "[No Variations]"
Add component (AddParameter): Name = "partid"; Value = "23219"; VariantName = "[No Variations]"
Add component (AddParameter): Name = "Polarization"; Value = "Polar"; VariantName = "[No Variations]"
Add component (AddParameter): Name = "price"; Value = "0.42"; VariantName = "[No Variations]"
Add component (AddParameter): Name = "Ripple Current @ High Frequency"; Value = "50mA @ 100kHz"; VariantName = "[No Variations]"
Add component (AddParameter): Name = "Ripple Current @ Low Frequency"; Value = "25mA @ 120Hz"; VariantName = "[No Variations]"
Add component (AddParameter): Name = "series"; Value = "UMF"; VariantName = "[No Variations]"
Add component (AddParameter): Name = "Size / Dimension"; Value = "0.157" Dia (4.00mm)"; VariantName = "[No Variations]"
Add component (AddParameter): Name = "Supplier 1"; Value = "DigiKey"; VariantName = "[No Variations]"
Add component (AddParameter): Name = "Supplier Part Number 1"; Value = "493-15541-ND"; VariantName = "[No Variations]"
Add component (AddParameter): Name = "Tolerance"; Value = "±20%"; VariantName = "[No Variations]"
Add component (AddParameter): Name = "value"; Value = "1µF"; VariantName = "[No Variations]"
Add component (AddParameter): Name = "Voltage - Rated"; Value = "35V"; VariantName = "[No Variations]"
Added Component: Designator=C20(CAP TH ALUM ELEC D4.00mm S1.50mm H6.00mm)
Add component (AddParameter): Name = "Applications"; Value = "General Purpose"; VariantName = "[No Variations]"
Add component (AddParameter): Name = "Capacitance"; Value = "4.7µF"; VariantName = "[No Variations]"
Add component (AddParameter): Name = "componentlink1description"; Value = "Datasheet"; VariantName = "[No Variations]"
Add component (AddParameter): Name = "componentlink1url"; Value = "http://nichicon-us.com/english/products/pdfs/e-umf.pdf"; VariantName = "[No Variations]"
Add component (AddParameter): Name = "componentlink2description"; Value = "DigiKey Link"; VariantName = "[No Variations]"
Add component (AddParameter): Name = "componentlink2url"; Value = "http://digikey.com/product-detail/en/nichicon/UMF1V4R7MDD/493-15545-ND/2598673"; VariantName = "[No Variations]"
Add component (AddParameter): Name = "Device Package"; Value = "Radial, Can"; VariantName = "[No Variations]"
Add component (AddParameter): Name = "Height - Seated (Max)"; Value = "0.236" (6.00mm)"; VariantName = "[No Variations]"
Add component (AddParameter): Name = "Impedance"; Value = "5 Ohms"; VariantName = "[No Variations]"
Add component (AddParameter): Name = "lastupdated"; Value = "6/09/2020 1:48:30 AM"; VariantName = "[No Variations]"
Add component (AddParameter): Name = "Lead Spacing"; Value = "0.059" (1.50mm)"; VariantName = "[No Variations]"
Add component (AddParameter): Name = "Lifecycle Status"; Value = "Active"; VariantName = "[No Variations]"
Add component (AddParameter): Name = "Lifetime @ Temp."; Value = "1000 Hrs @ 105°C"; VariantName = "[No Variations]"
Add component (AddParameter): Name = "manufacturer"; Value = "Nichicon"; VariantName = "[No Variations]"
Add component (AddParameter): Name = "Minimum Order"; Value = "1"; VariantName = "[No Variations]"
Add component (AddParameter): Name = "Mounting Type"; Value = "Through Hole"; VariantName = "[No Variations]"
Add component (AddParameter): Name = "Operating Temperature"; Value = "-55°C ~ 105°C"; VariantName = "[No Variations]"
Add component (AddParameter): Name = "Package / Case"; Value = "Radial, Can"; VariantName = "[No Variations]"
Add component (AddParameter): Name = "packaging"; Value = "Bulk"; VariantName = "[No Variations]"
Add component (AddParameter): Name = "Part Number"; Value = "UMF1V4R7MDD"; VariantName = "[No Variations]"
Add component (AddParameter): Name = "Part Status"; Value = "Active"; VariantName = "[No Variations]"
Add component (AddParameter): Name = "partid"; Value = "23153"; VariantName = "[No Variations]"
Add component (AddParameter): Name = "Polarization"; Value = "Polar"; VariantName = "[No Variations]"
Add component (AddParameter): Name = "price"; Value = "0.42"; VariantName = "[No Variations]"
Add component (AddParameter): Name = "Ripple Current @ High Frequency"; Value = "50mA @ 100kHz"; VariantName = "[No Variations]"
Add component (AddParameter): Name = "Ripple Current @ Low Frequency"; Value = "25mA @ 120Hz"; VariantName = "[No Variations]"
Add component (AddParameter): Name = "series"; Value = "UMF"; VariantName = "[No Variations]"
Add component (AddParameter): Name = "Size / Dimension"; Value = "0.157" Dia (4.00mm)"; VariantName = "[No Variations]"
Add component (AddParameter): Name = "Supplier 1"; Value = "DigiKey"; VariantName = "[No Variations]"
Add component (AddParameter): Name = "Supplier Part Number 1"; Value = "493-15545-ND"; VariantName = "[No Variations]"
Add component (AddParameter): Name = "Tolerance"; Value = "±20%"; VariantName = "[No Variations]"
Add component (AddParameter): Name = "value"; Value = "4.7µF"; VariantName = "[No Variations]"
Add component (AddParameter): Name = "Voltage - Rated"; Value = "35V"; VariantName = "[No Variations]"
Added Component: Designator=C21(CAP MICA 27PF)
Add component (AddParameter): Name = "Supplier 1"; Value = "Digikey"; VariantName = "[No Variations]"
Add component (AddParameter): Name = "Supplier Part Number 1"; Value = "338-2623-ND"; VariantName = "[No Variations]"
Add component (AddParameter): Name = "Value"; Value = "27pF"; VariantName = "[No Variations]"
Added Component: Designator=C22(CAP MICA 27PF)
Add component (AddParameter): Name = "Supplier 1"; Value = "Digikey"; VariantName = "[No Variations]"
Add component (AddParameter): Name = "Supplier Part Number 1"; Value = "338-2618-ND"; VariantName = "[No Variations]"
Add component (AddParameter): Name = "Value"; Value = "15pF"; VariantName = "[No Variations]"
Added Component: Designator=C23(CAP 1210_3225 - 1MM)
Add component (AddParameter): Name = "Applications"; Value = "General Purpose"; VariantName = "[No Variations]"
Add component (AddParameter): Name = "Capacitance"; Value = "0.1 µF"; VariantName = "[No Variations]"
Add component (AddParameter): Name = "componentlink1description"; Value = "Datasheet"; VariantName = "[No Variations]"
Add component (AddParameter): Name = "componentlink1url"; Value = "https://calchip.com/wp-content/uploads/2023/05/gmc_series.pdf"; VariantName = "[No Variations]"
Add component (AddParameter): Name = "componentlink2description"; Value = "DigiKey Link"; VariantName = "[No Variations]"
Add component (AddParameter): Name = "componentlink2url"; Value = "https://www.digikey.com/en/products/detail/cal-chip-electronics-inc/GMC32X7R104K100NT/21802075"; VariantName = "[No Variations]"
Add component (AddParameter): Name = "Device Package"; Value = "1210 (3225 Metric)"; VariantName = "[No Variations]"
Add component (AddParameter): Name = "lastupdated"; Value = "4/06/2024 7:20:42 PM"; VariantName = "[No Variations]"
Add component (AddParameter): Name = "Lifecycle Status"; Value = "Active"; VariantName = "[No Variations]"
Add component (AddParameter): Name = "manufacturer"; Value = "Cal-Chip Electronics, Inc."; VariantName = "[No Variations]"
Add component (AddParameter): Name = "Minimum Order"; Value = "1"; VariantName = "[No Variations]"
Add component (AddParameter): Name = "Mounting Type"; Value = "Surface Mount, MLCC"; VariantName = "[No Variations]"
Add component (AddParameter): Name = "Operating Temperature"; Value = "-55°C ~ 125°C"; VariantName = "[No Variations]"
Add component (AddParameter): Name = "Package / Case"; Value = "1210 (3225 Metric)"; VariantName = "[No Variations]"
Add component (AddParameter): Name = "packaging"; Value = "TapeAndReel"; VariantName = "[No Variations]"
Add component (AddParameter): Name = "Part Number"; Value = "GMC32X7R104K100NT"; VariantName = "[No Variations]"
Add component (AddParameter): Name = "partid"; Value = "58440"; VariantName = "[No Variations]"
Add component (AddParameter): Name = "price"; Value = "0.05"; VariantName = "[No Variations]"
Add component (AddParameter): Name = "series"; Value = "GMC"; VariantName = "[No Variations]"
Add component (AddParameter): Name = "Size / Dimension"; Value = "0.126" L x 0.098" W (3.20mm x 2.50mm)"; VariantName = "[No Variations]"
Add component (AddParameter): Name = "Supplier 1"; Value = "DigiKey"; VariantName = "[No Variations]"
Add component (AddParameter): Name = "Supplier Part Number 1"; Value = "4713-GMC32X7R104K100NTCT-ND"; VariantName = "[No Variations]"
Add component (AddParameter): Name = "Temperature Coefficient"; Value = "X7R"; VariantName = "[No Variations]"
Add component (AddParameter): Name = "Thickness (Max)"; Value = "0.087" (2.20mm)"; VariantName = "[No Variations]"
Add component (AddParameter): Name = "Tolerance"; Value = "±10%"; VariantName = "[No Variations]"
Add component (AddParameter): Name = "Value"; Value = "0.1 µF"; VariantName = "[No Variations]"
Add component (AddParameter): Name = "Voltage - Rated"; Value = "100V"; VariantName = "[No Variations]"
Added Component: Designator=C24(CAP 1210_3225 - 1MM)
Add component (AddParameter): Name = "Applications"; Value = "General Purpose"; VariantName = "[No Variations]"
Add component (AddParameter): Name = "Capacitance"; Value = "0.1 µF"; VariantName = "[No Variations]"
Add component (AddParameter): Name = "componentlink1description"; Value = "Datasheet"; VariantName = "[No Variations]"
Add component (AddParameter): Name = "componentlink1url"; Value = "https://calchip.com/wp-content/uploads/2023/05/gmc_series.pdf"; VariantName = "[No Variations]"
Add component (AddParameter): Name = "componentlink2description"; Value = "DigiKey Link"; VariantName = "[No Variations]"
Add component (AddParameter): Name = "componentlink2url"; Value = "https://www.digikey.com/en/products/detail/cal-chip-electronics-inc/GMC32X7R104K100NT/21802075"; VariantName = "[No Variations]"
Add component (AddParameter): Name = "Device Package"; Value = "1210 (3225 Metric)"; VariantName = "[No Variations]"
Add component (AddParameter): Name = "lastupdated"; Value = "4/06/2024 7:20:42 PM"; VariantName = "[No Variations]"
Add component (AddParameter): Name = "Lifecycle Status"; Value = "Active"; VariantName = "[No Variations]"
Add component (AddParameter): Name = "manufacturer"; Value = "Cal-Chip Electronics, Inc."; VariantName = "[No Variations]"
Add component (AddParameter): Name = "Minimum Order"; Value = "1"; VariantName = "[No Variations]"
Add component (AddParameter): Name = "Mounting Type"; Value = "Surface Mount, MLCC"; VariantName = "[No Variations]"
Add component (AddParameter): Name = "Operating Temperature"; Value = "-55°C ~ 125°C"; VariantName = "[No Variations]"
Add component (AddParameter): Name = "Package / Case"; Value = "1210 (3225 Metric)"; VariantName = "[No Variations]"
Add component (AddParameter): Name = "packaging"; Value = "TapeAndReel"; VariantName = "[No Variations]"
Add component (AddParameter): Name = "Part Number"; Value = "GMC32X7R104K100NT"; VariantName = "[No Variations]"
Add component (AddParameter): Name = "partid"; Value = "58440"; VariantName = "[No Variations]"
Add component (AddParameter): Name = "price"; Value = "0.05"; VariantName = "[No Variations]"
Add component (AddParameter): Name = "series"; Value = "GMC"; VariantName = "[No Variations]"
Add component (AddParameter): Name = "Size / Dimension"; Value = "0.126" L x 0.098" W (3.20mm x 2.50mm)"; VariantName = "[No Variations]"
Add component (AddParameter): Name = "Supplier 1"; Value = "DigiKey"; VariantName = "[No Variations]"
Add component (AddParameter): Name = "Supplier Part Number 1"; Value = "4713-GMC32X7R104K100NTCT-ND"; VariantName = "[No Variations]"
Add component (AddParameter): Name = "Temperature Coefficient"; Value = "X7R"; VariantName = "[No Variations]"
Add component (AddParameter): Name = "Thickness (Max)"; Value = "0.087" (2.20mm)"; VariantName = "[No Variations]"
Add component (AddParameter): Name = "Tolerance"; Value = "±10%"; VariantName = "[No Variations]"
Add component (AddParameter): Name = "Value"; Value = "0.1 µF"; VariantName = "[No Variations]"
Add component (AddParameter): Name = "Voltage - Rated"; Value = "100V"; VariantName = "[No Variations]"
Added Component: Designator=C25(CAP 1210_3225 - 1MM)
Add component (AddParameter): Name = "Applications"; Value = "General Purpose"; VariantName = "[No Variations]"
Add component (AddParameter): Name = "Capacitance"; Value = "0.1 µF"; VariantName = "[No Variations]"
Add component (AddParameter): Name = "componentlink1description"; Value = "Datasheet"; VariantName = "[No Variations]"
Add component (AddParameter): Name = "componentlink1url"; Value = "https://calchip.com/wp-content/uploads/2023/05/gmc_series.pdf"; VariantName = "[No Variations]"
Add component (AddParameter): Name = "componentlink2description"; Value = "DigiKey Link"; VariantName = "[No Variations]"
Add component (AddParameter): Name = "componentlink2url"; Value = "https://www.digikey.com/en/products/detail/cal-chip-electronics-inc/GMC32X7R104K100NT/21802075"; VariantName = "[No Variations]"
Add component (AddParameter): Name = "Device Package"; Value = "1210 (3225 Metric)"; VariantName = "[No Variations]"
Add component (AddParameter): Name = "lastupdated"; Value = "4/06/2024 7:20:42 PM"; VariantName = "[No Variations]"
Add component (AddParameter): Name = "Lifecycle Status"; Value = "Active"; VariantName = "[No Variations]"
Add component (AddParameter): Name = "manufacturer"; Value = "Cal-Chip Electronics, Inc."; VariantName = "[No Variations]"
Add component (AddParameter): Name = "Minimum Order"; Value = "1"; VariantName = "[No Variations]"
Add component (AddParameter): Name = "Mounting Type"; Value = "Surface Mount, MLCC"; VariantName = "[No Variations]"
Add component (AddParameter): Name = "Operating Temperature"; Value = "-55°C ~ 125°C"; VariantName = "[No Variations]"
Add component (AddParameter): Name = "Package / Case"; Value = "1210 (3225 Metric)"; VariantName = "[No Variations]"
Add component (AddParameter): Name = "packaging"; Value = "TapeAndReel"; VariantName = "[No Variations]"
Add component (AddParameter): Name = "Part Number"; Value = "GMC32X7R104K100NT"; VariantName = "[No Variations]"
Add component (AddParameter): Name = "partid"; Value = "58440"; VariantName = "[No Variations]"
Add component (AddParameter): Name = "price"; Value = "0.05"; VariantName = "[No Variations]"
Add component (AddParameter): Name = "series"; Value = "GMC"; VariantName = "[No Variations]"
Add component (AddParameter): Name = "Size / Dimension"; Value = "0.126" L x 0.098" W (3.20mm x 2.50mm)"; VariantName = "[No Variations]"
Add component (AddParameter): Name = "Supplier 1"; Value = "DigiKey"; VariantName = "[No Variations]"
Add component (AddParameter): Name = "Supplier Part Number 1"; Value = "4713-GMC32X7R104K100NTCT-ND"; VariantName = "[No Variations]"
Add component (AddParameter): Name = "Temperature Coefficient"; Value = "X7R"; VariantName = "[No Variations]"
Add component (AddParameter): Name = "Thickness (Max)"; Value = "0.087" (2.20mm)"; VariantName = "[No Variations]"
Add component (AddParameter): Name = "Tolerance"; Value = "±10%"; VariantName = "[No Variations]"
Add component (AddParameter): Name = "Value"; Value = "0.1 µF"; VariantName = "[No Variations]"
Add component (AddParameter): Name = "Voltage - Rated"; Value = "100V"; VariantName = "[No Variations]"
Added Component: Designator=C26(CAP 1210_3225 - 1MM)
Add component (AddParameter): Name = "Applications"; Value = "General Purpose"; VariantName = "[No Variations]"
Add component (AddParameter): Name = "Capacitance"; Value = "0.1 µF"; VariantName = "[No Variations]"
Add component (AddParameter): Name = "componentlink1description"; Value = "Datasheet"; VariantName = "[No Variations]"
Add component (AddParameter): Name = "componentlink1url"; Value = "https://calchip.com/wp-content/uploads/2023/05/gmc_series.pdf"; VariantName = "[No Variations]"
Add component (AddParameter): Name = "componentlink2description"; Value = "DigiKey Link"; VariantName = "[No Variations]"
Add component (AddParameter): Name = "componentlink2url"; Value = "https://www.digikey.com/en/products/detail/cal-chip-electronics-inc/GMC32X7R104K100NT/21802075"; VariantName = "[No Variations]"
Add component (AddParameter): Name = "Device Package"; Value = "1210 (3225 Metric)"; VariantName = "[No Variations]"
Add component (AddParameter): Name = "lastupdated"; Value = "4/06/2024 7:20:42 PM"; VariantName = "[No Variations]"
Add component (AddParameter): Name = "Lifecycle Status"; Value = "Active"; VariantName = "[No Variations]"
Add component (AddParameter): Name = "manufacturer"; Value = "Cal-Chip Electronics, Inc."; VariantName = "[No Variations]"
Add component (AddParameter): Name = "Minimum Order"; Value = "1"; VariantName = "[No Variations]"
Add component (AddParameter): Name = "Mounting Type"; Value = "Surface Mount, MLCC"; VariantName = "[No Variations]"
Add component (AddParameter): Name = "Operating Temperature"; Value = "-55°C ~ 125°C"; VariantName = "[No Variations]"
Add component (AddParameter): Name = "Package / Case"; Value = "1210 (3225 Metric)"; VariantName = "[No Variations]"
Add component (AddParameter): Name = "packaging"; Value = "TapeAndReel"; VariantName = "[No Variations]"
Add component (AddParameter): Name = "Part Number"; Value = "GMC32X7R104K100NT"; VariantName = "[No Variations]"
Add component (AddParameter): Name = "partid"; Value = "58440"; VariantName = "[No Variations]"
Add component (AddParameter): Name = "price"; Value = "0.05"; VariantName = "[No Variations]"
Add component (AddParameter): Name = "series"; Value = "GMC"; VariantName = "[No Variations]"
Add component (AddParameter): Name = "Size / Dimension"; Value = "0.126" L x 0.098" W (3.20mm x 2.50mm)"; VariantName = "[No Variations]"
Add component (AddParameter): Name = "Supplier 1"; Value = "DigiKey"; VariantName = "[No Variations]"
Add component (AddParameter): Name = "Supplier Part Number 1"; Value = "4713-GMC32X7R104K100NTCT-ND"; VariantName = "[No Variations]"
Add component (AddParameter): Name = "Temperature Coefficient"; Value = "X7R"; VariantName = "[No Variations]"
Add component (AddParameter): Name = "Thickness (Max)"; Value = "0.087" (2.20mm)"; VariantName = "[No Variations]"
Add component (AddParameter): Name = "Tolerance"; Value = "±10%"; VariantName = "[No Variations]"
Add component (AddParameter): Name = "Value"; Value = "0.1 µF"; VariantName = "[No Variations]"
Add component (AddParameter): Name = "Voltage - Rated"; Value = "100V"; VariantName = "[No Variations]"
Added Component: Designator=C27(CAP 1210_3225 - 1MM)
Add component (AddParameter): Name = "Applications"; Value = "General Purpose"; VariantName = "[No Variations]"
Add component (AddParameter): Name = "Capacitance"; Value = "0.1 µF"; VariantName = "[No Variations]"
Add component (AddParameter): Name = "componentlink1description"; Value = "Datasheet"; VariantName = "[No Variations]"
Add component (AddParameter): Name = "componentlink1url"; Value = "https://calchip.com/wp-content/uploads/2023/05/gmc_series.pdf"; VariantName = "[No Variations]"
Add component (AddParameter): Name = "componentlink2description"; Value = "DigiKey Link"; VariantName = "[No Variations]"
Add component (AddParameter): Name = "componentlink2url"; Value = "https://www.digikey.com/en/products/detail/cal-chip-electronics-inc/GMC32X7R104K100NT/21802075"; VariantName = "[No Variations]"
Add component (AddParameter): Name = "Device Package"; Value = "1210 (3225 Metric)"; VariantName = "[No Variations]"
Add component (AddParameter): Name = "lastupdated"; Value = "4/06/2024 7:20:42 PM"; VariantName = "[No Variations]"
Add component (AddParameter): Name = "Lifecycle Status"; Value = "Active"; VariantName = "[No Variations]"
Add component (AddParameter): Name = "manufacturer"; Value = "Cal-Chip Electronics, Inc."; VariantName = "[No Variations]"
Add component (AddParameter): Name = "Minimum Order"; Value = "1"; VariantName = "[No Variations]"
Add component (AddParameter): Name = "Mounting Type"; Value = "Surface Mount, MLCC"; VariantName = "[No Variations]"
Add component (AddParameter): Name = "Operating Temperature"; Value = "-55°C ~ 125°C"; VariantName = "[No Variations]"
Add component (AddParameter): Name = "Package / Case"; Value = "1210 (3225 Metric)"; VariantName = "[No Variations]"
Add component (AddParameter): Name = "packaging"; Value = "TapeAndReel"; VariantName = "[No Variations]"
Add component (AddParameter): Name = "Part Number"; Value = "GMC32X7R104K100NT"; VariantName = "[No Variations]"
Add component (AddParameter): Name = "partid"; Value = "58440"; VariantName = "[No Variations]"
Add component (AddParameter): Name = "price"; Value = "0.05"; VariantName = "[No Variations]"
Add component (AddParameter): Name = "series"; Value = "GMC"; VariantName = "[No Variations]"
Add component (AddParameter): Name = "Size / Dimension"; Value = "0.126" L x 0.098" W (3.20mm x 2.50mm)"; VariantName = "[No Variations]"
Add component (AddParameter): Name = "Supplier 1"; Value = "DigiKey"; VariantName = "[No Variations]"
Add component (AddParameter): Name = "Supplier Part Number 1"; Value = "4713-GMC32X7R104K100NTCT-ND"; VariantName = "[No Variations]"
Add component (AddParameter): Name = "Temperature Coefficient"; Value = "X7R"; VariantName = "[No Variations]"
Add component (AddParameter): Name = "Thickness (Max)"; Value = "0.087" (2.20mm)"; VariantName = "[No Variations]"
Add component (AddParameter): Name = "Tolerance"; Value = "±10%"; VariantName = "[No Variations]"
Add component (AddParameter): Name = "Value"; Value = "0.1 µF"; VariantName = "[No Variations]"
Add component (AddParameter): Name = "Voltage - Rated"; Value = "100V"; VariantName = "[No Variations]"
Added Component: Designator=C28(CAP 1210_3225 - 1MM)
Add component (AddParameter): Name = "Applications"; Value = "General Purpose"; VariantName = "[No Variations]"
Add component (AddParameter): Name = "Capacitance"; Value = "1 µF"; VariantName = "[No Variations]"
Add component (AddParameter): Name = "componentlink1description"; Value = "Datasheet"; VariantName = "[No Variations]"
Add component (AddParameter): Name = "componentlink1url"; Value = "https://88ce57.p3cdn1.secureserver.net/wp-content/uploads/2023/01/gmc_series-2.pdf"; VariantName = "[No Variations]"
Add component (AddParameter): Name = "componentlink2description"; Value = "DigiKey Link"; VariantName = "[No Variations]"
Add component (AddParameter): Name = "componentlink2url"; Value = "https://www.digikey.com/en/products/detail/cal-chip-electronics-inc/GMC32X7R105K25NT/19910714"; VariantName = "[No Variations]"
Add component (AddParameter): Name = "Device Package"; Value = "1210 (3225 Metric)"; VariantName = "[No Variations]"
Add component (AddParameter): Name = "lastupdated"; Value = "4/06/2024 7:20:43 PM"; VariantName = "[No Variations]"
Add component (AddParameter): Name = "Lifecycle Status"; Value = "Active"; VariantName = "[No Variations]"
Add component (AddParameter): Name = "manufacturer"; Value = "Cal-Chip Electronics, Inc."; VariantName = "[No Variations]"
Add component (AddParameter): Name = "Minimum Order"; Value = "1"; VariantName = "[No Variations]"
Add component (AddParameter): Name = "Mounting Type"; Value = "Surface Mount, MLCC"; VariantName = "[No Variations]"
Add component (AddParameter): Name = "Operating Temperature"; Value = "-55°C ~ 125°C"; VariantName = "[No Variations]"
Add component (AddParameter): Name = "Package / Case"; Value = "1210 (3225 Metric)"; VariantName = "[No Variations]"
Add component (AddParameter): Name = "packaging"; Value = "TapeAndReel"; VariantName = "[No Variations]"
Add component (AddParameter): Name = "Part Number"; Value = "GMC32X7R105K25NT"; VariantName = "[No Variations]"
Add component (AddParameter): Name = "partid"; Value = "56654"; VariantName = "[No Variations]"
Add component (AddParameter): Name = "price"; Value = "0.06"; VariantName = "[No Variations]"
Add component (AddParameter): Name = "series"; Value = "GMC"; VariantName = "[No Variations]"
Add component (AddParameter): Name = "Size / Dimension"; Value = "0.126" L x 0.098" W (3.20mm x 2.50mm)"; VariantName = "[No Variations]"
Add component (AddParameter): Name = "Supplier 1"; Value = "DigiKey"; VariantName = "[No Variations]"
Add component (AddParameter): Name = "Supplier Part Number 1"; Value = "4713-GMC32X7R105K25NTCT-ND"; VariantName = "[No Variations]"
Add component (AddParameter): Name = "Temperature Coefficient"; Value = "X7R"; VariantName = "[No Variations]"
Add component (AddParameter): Name = "Thickness (Max)"; Value = "0.071" (1.80mm)"; VariantName = "[No Variations]"
Add component (AddParameter): Name = "Tolerance"; Value = "±10%"; VariantName = "[No Variations]"
Add component (AddParameter): Name = "Value"; Value = "1 µF"; VariantName = "[No Variations]"
Add component (AddParameter): Name = "Voltage - Rated"; Value = "25V"; VariantName = "[No Variations]"
Added Component: Designator=C29(CAP 1210_3225 - 1MM)
Add component (AddParameter): Name = "Applications"; Value = "General Purpose"; VariantName = "[No Variations]"
Add component (AddParameter): Name = "Capacitance"; Value = "1 µF"; VariantName = "[No Variations]"
Add component (AddParameter): Name = "componentlink1description"; Value = "Datasheet"; VariantName = "[No Variations]"
Add component (AddParameter): Name = "componentlink1url"; Value = "https://88ce57.p3cdn1.secureserver.net/wp-content/uploads/2023/01/gmc_series-2.pdf"; VariantName = "[No Variations]"
Add component (AddParameter): Name = "componentlink2description"; Value = "DigiKey Link"; VariantName = "[No Variations]"
Add component (AddParameter): Name = "componentlink2url"; Value = "https://www.digikey.com/en/products/detail/cal-chip-electronics-inc/GMC32X7R105K25NT/19910714"; VariantName = "[No Variations]"
Add component (AddParameter): Name = "Device Package"; Value = "1210 (3225 Metric)"; VariantName = "[No Variations]"
Add component (AddParameter): Name = "lastupdated"; Value = "4/06/2024 7:20:43 PM"; VariantName = "[No Variations]"
Add component (AddParameter): Name = "Lifecycle Status"; Value = "Active"; VariantName = "[No Variations]"
Add component (AddParameter): Name = "manufacturer"; Value = "Cal-Chip Electronics, Inc."; VariantName = "[No Variations]"
Add component (AddParameter): Name = "Minimum Order"; Value = "1"; VariantName = "[No Variations]"
Add component (AddParameter): Name = "Mounting Type"; Value = "Surface Mount, MLCC"; VariantName = "[No Variations]"
Add component (AddParameter): Name = "Operating Temperature"; Value = "-55°C ~ 125°C"; VariantName = "[No Variations]"
Add component (AddParameter): Name = "Package / Case"; Value = "1210 (3225 Metric)"; VariantName = "[No Variations]"
Add component (AddParameter): Name = "packaging"; Value = "TapeAndReel"; VariantName = "[No Variations]"
Add component (AddParameter): Name = "Part Number"; Value = "GMC32X7R105K25NT"; VariantName = "[No Variations]"
Add component (AddParameter): Name = "partid"; Value = "56654"; VariantName = "[No Variations]"
Add component (AddParameter): Name = "price"; Value = "0.06"; VariantName = "[No Variations]"
Add component (AddParameter): Name = "series"; Value = "GMC"; VariantName = "[No Variations]"
Add component (AddParameter): Name = "Size / Dimension"; Value = "0.126" L x 0.098" W (3.20mm x 2.50mm)"; VariantName = "[No Variations]"
Add component (AddParameter): Name = "Supplier 1"; Value = "DigiKey"; VariantName = "[No Variations]"
Add component (AddParameter): Name = "Supplier Part Number 1"; Value = "4713-GMC32X7R105K25NTCT-ND"; VariantName = "[No Variations]"
Add component (AddParameter): Name = "Temperature Coefficient"; Value = "X7R"; VariantName = "[No Variations]"
Add component (AddParameter): Name = "Thickness (Max)"; Value = "0.071" (1.80mm)"; VariantName = "[No Variations]"
Add component (AddParameter): Name = "Tolerance"; Value = "±10%"; VariantName = "[No Variations]"
Add component (AddParameter): Name = "Value"; Value = "1 µF"; VariantName = "[No Variations]"
Add component (AddParameter): Name = "Voltage - Rated"; Value = "25V"; VariantName = "[No Variations]"
Added Component: Designator=C30(CAP 1210_3225 - 1MM)
Add component (AddParameter): Name = "Applications"; Value = "General Purpose"; VariantName = "[No Variations]"
Add component (AddParameter): Name = "Capacitance"; Value = "1 µF"; VariantName = "[No Variations]"
Add component (AddParameter): Name = "componentlink1description"; Value = "Datasheet"; VariantName = "[No Variations]"
Add component (AddParameter): Name = "componentlink1url"; Value = "https://88ce57.p3cdn1.secureserver.net/wp-content/uploads/2023/01/gmc_series-2.pdf"; VariantName = "[No Variations]"
Add component (AddParameter): Name = "componentlink2description"; Value = "DigiKey Link"; VariantName = "[No Variations]"
Add component (AddParameter): Name = "componentlink2url"; Value = "https://www.digikey.com/en/products/detail/cal-chip-electronics-inc/GMC32X7R105K25NT/19910714"; VariantName = "[No Variations]"
Add component (AddParameter): Name = "Device Package"; Value = "1210 (3225 Metric)"; VariantName = "[No Variations]"
Add component (AddParameter): Name = "lastupdated"; Value = "4/06/2024 7:20:43 PM"; VariantName = "[No Variations]"
Add component (AddParameter): Name = "Lifecycle Status"; Value = "Active"; VariantName = "[No Variations]"
Add component (AddParameter): Name = "manufacturer"; Value = "Cal-Chip Electronics, Inc."; VariantName = "[No Variations]"
Add component (AddParameter): Name = "Minimum Order"; Value = "1"; VariantName = "[No Variations]"
Add component (AddParameter): Name = "Mounting Type"; Value = "Surface Mount, MLCC"; VariantName = "[No Variations]"
Add component (AddParameter): Name = "Operating Temperature"; Value = "-55°C ~ 125°C"; VariantName = "[No Variations]"
Add component (AddParameter): Name = "Package / Case"; Value = "1210 (3225 Metric)"; VariantName = "[No Variations]"
Add component (AddParameter): Name = "packaging"; Value = "TapeAndReel"; VariantName = "[No Variations]"
Add component (AddParameter): Name = "Part Number"; Value = "GMC32X7R105K25NT"; VariantName = "[No Variations]"
Add component (AddParameter): Name = "partid"; Value = "56654"; VariantName = "[No Variations]"
Add component (AddParameter): Name = "price"; Value = "0.06"; VariantName = "[No Variations]"
Add component (AddParameter): Name = "series"; Value = "GMC"; VariantName = "[No Variations]"
Add component (AddParameter): Name = "Size / Dimension"; Value = "0.126" L x 0.098" W (3.20mm x 2.50mm)"; VariantName = "[No Variations]"
Add component (AddParameter): Name = "Supplier 1"; Value = "DigiKey"; VariantName = "[No Variations]"
Add component (AddParameter): Name = "Supplier Part Number 1"; Value = "4713-GMC32X7R105K25NTCT-ND"; VariantName = "[No Variations]"
Add component (AddParameter): Name = "Temperature Coefficient"; Value = "X7R"; VariantName = "[No Variations]"
Add component (AddParameter): Name = "Thickness (Max)"; Value = "0.071" (1.80mm)"; VariantName = "[No Variations]"
Add component (AddParameter): Name = "Tolerance"; Value = "±10%"; VariantName = "[No Variations]"
Add component (AddParameter): Name = "Value"; Value = "1 µF"; VariantName = "[No Variations]"
Add component (AddParameter): Name = "Voltage - Rated"; Value = "25V"; VariantName = "[No Variations]"
Added Component: Designator=D1(DIODES SOT-323-3)
Add component (AddParameter): Name = "ComponentLink1Description"; Value = "Datasheet"; VariantName = "[No Variations]"
Add component (AddParameter): Name = "ComponentLink1URL"; Value = "http://www.onsemi.com/pub/Collateral/M1MA141KT1-D.PDF"; VariantName = "[No Variations]"
Add component (AddParameter): Name = "ComponentLink2Description"; Value = "DigiKey Link"; VariantName = "[No Variations]"
Add component (AddParameter): Name = "ComponentLink2URL"; Value = "http://digikey.com/product-detail/en/on-semiconductor/M1MA141KT1G/M1MA141KT1GOSCT-ND/917953"; VariantName = "[No Variations]"
Add component (AddParameter): Name = "Current - Average Rectified (Io)"; Value = "100mA (DC)"; VariantName = "[No Variations]"
Add component (AddParameter): Name = "Current - Reverse Leakage @ Vr"; Value = "100nA @ 35V"; VariantName = "[No Variations]"
Add component (AddParameter): Name = "Diode Type"; Value = "Standard"; VariantName = "[No Variations]"
Add component (AddParameter): Name = "LastUpdated"; Value = "8/02/2024 9:34:01 PM"; VariantName = "[No Variations]"
Add component (AddParameter): Name = "Lifecycle Status"; Value = "Active"; VariantName = "[No Variations]"
Add component (AddParameter): Name = "Manufacturer"; Value = "ON Semiconductor"; VariantName = "[No Variations]"
Add component (AddParameter): Name = "Minimum Order"; Value = "1"; VariantName = "[No Variations]"
Add component (AddParameter): Name = "Mounting Type"; Value = "Surface Mount"; VariantName = "[No Variations]"
Add component (AddParameter): Name = "Operating Temperature - Junction"; Value = "150°C (Max)"; VariantName = "[No Variations]"
Add component (AddParameter): Name = "Package / Case"; Value = "SC-70, SOT-323"; VariantName = "[No Variations]"
Add component (AddParameter): Name = "Packaging"; Value = "TapeAndReel"; VariantName = "[No Variations]"
Add component (AddParameter): Name = "Part Number"; Value = "M1MA141KT1G"; VariantName = "[No Variations]"
Add component (AddParameter): Name = "Part Status"; Value = "Active"; VariantName = "[No Variations]"
Add component (AddParameter): Name = "PartId"; Value = "8"; VariantName = "[No Variations]"
Add component (AddParameter): Name = "Price"; Value = "0.03"; VariantName = "[No Variations]"
Add component (AddParameter): Name = "Reverse Recovery Time (trr)"; Value = "3ns"; VariantName = "[No Variations]"
Add component (AddParameter): Name = "Series"; Value = "-"; VariantName = "[No Variations]"
Add component (AddParameter): Name = "Speed"; Value = "Small Signal =< 200mA (Io), Any Speed"; VariantName = "[No Variations]"
Add component (AddParameter): Name = "Supplier 1"; Value = "DigiKey"; VariantName = "[No Variations]"
Add component (AddParameter): Name = "Supplier Device Package"; Value = "SC-70-3 (SOT323)"; VariantName = "[No Variations]"
Add component (AddParameter): Name = "Supplier Part Number 1"; Value = "M1MA141KT1GOSCT-ND"; VariantName = "[No Variations]"
Add component (AddParameter): Name = "Voltage - DC Reverse (Vr) (Max)"; Value = "40V"; VariantName = "[No Variations]"
Add component (AddParameter): Name = "Voltage - Forward (Vf) (Max) @ If"; Value = "1.2V @ 100mA"; VariantName = "[No Variations]"
Added Component: Designator=D2(DO214AA SMB)
Add component (AddParameter): Name = "ComponentLink1Description"; Value = "Datasheet"; VariantName = "[No Variations]"
Add component (AddParameter): Name = "ComponentLink1URL"; Value = "https://www.onsemi.com/pub/Collateral/MBRS140T3-D.PDF"; VariantName = "[No Variations]"
Add component (AddParameter): Name = "ComponentLink2Description"; Value = "DigiKey Link"; VariantName = "[No Variations]"
Add component (AddParameter): Name = "ComponentLink2URL"; Value = "http://digikey.com/product-detail/en/on-semiconductor/MBRS140T3G/MBRS140T3GOSCT-ND/918002"; VariantName = "[No Variations]"
Add component (AddParameter): Name = "Current - Average Rectified (Io)"; Value = "1A"; VariantName = "[No Variations]"
Add component (AddParameter): Name = "Current - Reverse Leakage @ Vr"; Value = "1mA @ 40V"; VariantName = "[No Variations]"
Add component (AddParameter): Name = "Diode Type"; Value = "Schottky"; VariantName = "[No Variations]"
Add component (AddParameter): Name = "LastUpdated"; Value = "8/02/2024 9:26:46 PM"; VariantName = "[No Variations]"
Add component (AddParameter): Name = "Lifecycle Status"; Value = "Active"; VariantName = "[No Variations]"
Add component (AddParameter): Name = "Manufacturer"; Value = "ON Semiconductor"; VariantName = "[No Variations]"
Add component (AddParameter): Name = "Minimum Order"; Value = "1"; VariantName = "[No Variations]"
Add component (AddParameter): Name = "Mounting Type"; Value = "Surface Mount"; VariantName = "[No Variations]"
Add component (AddParameter): Name = "Operating Temperature - Junction"; Value = "-65°C ~ 125°C"; VariantName = "[No Variations]"
Add component (AddParameter): Name = "Package / Case"; Value = "DO-214AA, SMB"; VariantName = "[No Variations]"
Add component (AddParameter): Name = "Packaging"; Value = "TapeAndReel"; VariantName = "[No Variations]"
Add component (AddParameter): Name = "Part Number"; Value = "MBRS140T3G"; VariantName = "[No Variations]"
Add component (AddParameter): Name = "Part Status"; Value = "Active"; VariantName = "[No Variations]"
Add component (AddParameter): Name = "PartId"; Value = "1387"; VariantName = "[No Variations]"
Add component (AddParameter): Name = "Price"; Value = "0.08"; VariantName = "[No Variations]"
Add component (AddParameter): Name = "Series"; Value = "-"; VariantName = "[No Variations]"
Add component (AddParameter): Name = "Speed"; Value = "Fast Recovery =< 500ns, > 200mA (Io)"; VariantName = "[No Variations]"
Add component (AddParameter): Name = "Supplier 1"; Value = "DigiKey"; VariantName = "[No Variations]"
Add component (AddParameter): Name = "Supplier Device Package"; Value = "SMB"; VariantName = "[No Variations]"
Add component (AddParameter): Name = "Supplier Part Number 1"; Value = "MBRS140T3GOSCT-ND"; VariantName = "[No Variations]"
Add component (AddParameter): Name = "Voltage - DC Reverse (Vr) (Max)"; Value = "40V"; VariantName = "[No Variations]"
Add component (AddParameter): Name = "Voltage - Forward (Vf) (Max) @ If"; Value = "600mV @ 1A"; VariantName = "[No Variations]"
Added Component: Designator=D3(SOD-123)
Add component (AddParameter): Name = "Capacitance @ Vr, F"; Value = "2pF @ 0V, 1MHz"; VariantName = "[No Variations]"
Add component (AddParameter): Name = "ComponentLink1Description"; Value = "Datasheet"; VariantName = "[No Variations]"
Add component (AddParameter): Name = "ComponentLink1URL"; Value = "https://www.diodes.com/assets/Datasheets/ds30086.pdf"; VariantName = "[No Variations]"
Add component (AddParameter): Name = "ComponentLink2Description"; Value = "DigiKey Link"; VariantName = "[No Variations]"
Add component (AddParameter): Name = "ComponentLink2URL"; Value = "https://www.digikey.com/en/products/detail/diodes-incorporated/1N4148W-7-F/814371"; VariantName = "[No Variations]"
Add component (AddParameter): Name = "Current - Average Rectified (Io)"; Value = "300mA"; VariantName = "[No Variations]"
Add component (AddParameter): Name = "Current - Reverse Leakage @ Vr"; Value = "1 µA @ 100 V"; VariantName = "[No Variations]"
Add component (AddParameter): Name = "Diode Type"; Value = "Standard"; VariantName = "[No Variations]"
Add component (AddParameter): Name = "LastUpdated"; Value = "8/02/2024 9:27:29 PM"; VariantName = "[No Variations]"
Add component (AddParameter): Name = "Lifecycle Status"; Value = "Active"; VariantName = "[No Variations]"
Add component (AddParameter): Name = "Manufacturer"; Value = "Diodes Incorporated"; VariantName = "[No Variations]"
Add component (AddParameter): Name = "Minimum Order"; Value = "1"; VariantName = "[No Variations]"
Add component (AddParameter): Name = "Mounting Type"; Value = "Surface Mount"; VariantName = "[No Variations]"
Add component (AddParameter): Name = "Operating Temperature - Junction"; Value = "-55°C ~ 150°C"; VariantName = "[No Variations]"
Add component (AddParameter): Name = "Package / Case"; Value = "SOD-123"; VariantName = "[No Variations]"
Add component (AddParameter): Name = "Packaging"; Value = "TapeAndReel"; VariantName = "[No Variations]"
Add component (AddParameter): Name = "Part Number"; Value = "1N4148W-7-F"; VariantName = "[No Variations]"
Add component (AddParameter): Name = "Part Status"; Value = "Active"; VariantName = "[No Variations]"
Add component (AddParameter): Name = "PartId"; Value = "1002"; VariantName = "[No Variations]"
Add component (AddParameter): Name = "Price"; Value = "0.02"; VariantName = "[No Variations]"
Add component (AddParameter): Name = "Reverse Recovery Time (trr)"; Value = "4 ns"; VariantName = "[No Variations]"
Add component (AddParameter): Name = "Series"; Value = "-"; VariantName = "[No Variations]"
Add component (AddParameter): Name = "Speed"; Value = "Fast Recovery =< 500ns, > 200mA (Io)"; VariantName = "[No Variations]"
Add component (AddParameter): Name = "Supplier 1"; Value = "DigiKey"; VariantName = "[No Variations]"
Add component (AddParameter): Name = "Supplier Device Package"; Value = "SOD-123"; VariantName = "[No Variations]"
Add component (AddParameter): Name = "Supplier Part Number 1"; Value = "1N4148W-FDICT-ND"; VariantName = "[No Variations]"
Add component (AddParameter): Name = "Voltage - DC Reverse (Vr) (Max)"; Value = "100 V"; VariantName = "[No Variations]"
Add component (AddParameter): Name = "Voltage - Forward (Vf) (Max) @ If"; Value = "1.25 V @ 150 mA"; VariantName = "[No Variations]"
Added Component: Designator=D4(DO214AA SMB)
Add component (AddParameter): Name = "ComponentLink1Description"; Value = "Datasheet"; VariantName = "[No Variations]"
Add component (AddParameter): Name = "ComponentLink1URL"; Value = "https://www.onsemi.com/pub/Collateral/MBRS140T3-D.PDF"; VariantName = "[No Variations]"
Add component (AddParameter): Name = "ComponentLink2Description"; Value = "DigiKey Link"; VariantName = "[No Variations]"
Add component (AddParameter): Name = "ComponentLink2URL"; Value = "http://digikey.com/product-detail/en/on-semiconductor/MBRS140T3G/MBRS140T3GOSCT-ND/918002"; VariantName = "[No Variations]"
Add component (AddParameter): Name = "Current - Average Rectified (Io)"; Value = "1A"; VariantName = "[No Variations]"
Add component (AddParameter): Name = "Current - Reverse Leakage @ Vr"; Value = "1mA @ 40V"; VariantName = "[No Variations]"
Add component (AddParameter): Name = "Diode Type"; Value = "Schottky"; VariantName = "[No Variations]"
Add component (AddParameter): Name = "LastUpdated"; Value = "8/02/2024 9:26:46 PM"; VariantName = "[No Variations]"
Add component (AddParameter): Name = "Lifecycle Status"; Value = "Active"; VariantName = "[No Variations]"
Add component (AddParameter): Name = "Manufacturer"; Value = "ON Semiconductor"; VariantName = "[No Variations]"
Add component (AddParameter): Name = "Minimum Order"; Value = "1"; VariantName = "[No Variations]"
Add component (AddParameter): Name = "Mounting Type"; Value = "Surface Mount"; VariantName = "[No Variations]"
Add component (AddParameter): Name = "Operating Temperature - Junction"; Value = "-65°C ~ 125°C"; VariantName = "[No Variations]"
Add component (AddParameter): Name = "Package / Case"; Value = "DO-214AA, SMB"; VariantName = "[No Variations]"
Add component (AddParameter): Name = "Packaging"; Value = "TapeAndReel"; VariantName = "[No Variations]"
Add component (AddParameter): Name = "Part Number"; Value = "MBRS140T3G"; VariantName = "[No Variations]"
Add component (AddParameter): Name = "Part Status"; Value = "Active"; VariantName = "[No Variations]"
Add component (AddParameter): Name = "PartId"; Value = "1387"; VariantName = "[No Variations]"
Add component (AddParameter): Name = "Price"; Value = "0.08"; VariantName = "[No Variations]"
Add component (AddParameter): Name = "Series"; Value = "-"; VariantName = "[No Variations]"
Add component (AddParameter): Name = "Speed"; Value = "Fast Recovery =< 500ns, > 200mA (Io)"; VariantName = "[No Variations]"
Add component (AddParameter): Name = "Supplier 1"; Value = "DigiKey"; VariantName = "[No Variations]"
Add component (AddParameter): Name = "Supplier Device Package"; Value = "SMB"; VariantName = "[No Variations]"
Add component (AddParameter): Name = "Supplier Part Number 1"; Value = "MBRS140T3GOSCT-ND"; VariantName = "[No Variations]"
Add component (AddParameter): Name = "Voltage - DC Reverse (Vr) (Max)"; Value = "40V"; VariantName = "[No Variations]"
Add component (AddParameter): Name = "Voltage - Forward (Vf) (Max) @ If"; Value = "600mV @ 1A"; VariantName = "[No Variations]"
Added Component: Designator=D5(LED 1206_3216 GREEN)
Add component (AddParameter): Name = "Color"; Value = "Green"; VariantName = "[No Variations]"
Add component (AddParameter): Name = "ComponentLink1Description"; Value = "Datasheet"; VariantName = "[No Variations]"
Add component (AddParameter): Name = "ComponentLink1URL"; Value = "https://www.sunledusa.com/products/spec/XZVG60W.pdf"; VariantName = "[No Variations]"
Add component (AddParameter): Name = "ComponentLink2Description"; Value = "DigiKey Link"; VariantName = "[No Variations]"
Add component (AddParameter): Name = "ComponentLink2URL"; Value = "https://www.digikey.com/en/products/detail/sunled/XZVG60W/4902123"; VariantName = "[No Variations]"
Add component (AddParameter): Name = "Configuration"; Value = "Standard"; VariantName = "[No Variations]"
Add component (AddParameter): Name = "Current - Test"; Value = "20mA"; VariantName = "[No Variations]"
Add component (AddParameter): Name = "Device Package"; Value = "1206 (3216 Metric)"; VariantName = "[No Variations]"
Add component (AddParameter): Name = "Height (Max)"; Value = "1.40mm"; VariantName = "[No Variations]"
Add component (AddParameter): Name = "LastUpdated"; Value = "3/06/2024 7:59:11 PM"; VariantName = "[No Variations]"
Add component (AddParameter): Name = "Lens Color"; Value = "Colorless"; VariantName = "[No Variations]"
Add component (AddParameter): Name = "Lens Size"; Value = "2.00mm x 1.50mm"; VariantName = "[No Variations]"
Add component (AddParameter): Name = "Lens Style"; Value = "Rectangle with Flat Top"; VariantName = "[No Variations]"
Add component (AddParameter): Name = "Lens Transparency"; Value = "Clear"; VariantName = "[No Variations]"
Add component (AddParameter): Name = "Lifecycle Status"; Value = "Active"; VariantName = "[No Variations]"
Add component (AddParameter): Name = "Manufacturer"; Value = "SunLED"; VariantName = "[No Variations]"
Add component (AddParameter): Name = "Millicandela Rating"; Value = "118mcd"; VariantName = "[No Variations]"
Add component (AddParameter): Name = "Minimum Order"; Value = "1"; VariantName = "[No Variations]"
Add component (AddParameter): Name = "Mounting Type"; Value = "Surface Mount"; VariantName = "[No Variations]"
Add component (AddParameter): Name = "Package / Case"; Value = "1206 (3216 Metric)"; VariantName = "[No Variations]"
Add component (AddParameter): Name = "Packaging"; Value = "TapeAndReel"; VariantName = "[No Variations]"
Add component (AddParameter): Name = "Part Number"; Value = "XZVG60W"; VariantName = "[No Variations]"
Add component (AddParameter): Name = "Part Status"; Value = "Active"; VariantName = "[No Variations]"
Add component (AddParameter): Name = "PartId"; Value = "1002"; VariantName = "[No Variations]"
Add component (AddParameter): Name = "Price"; Value = "0.07"; VariantName = "[No Variations]"
Add component (AddParameter): Name = "Series"; Value = "-"; VariantName = "[No Variations]"
Add component (AddParameter): Name = "Size / Dimension"; Value = "3.00mm L x 1.50mm W"; VariantName = "[No Variations]"
Add component (AddParameter): Name = "Supplier 1"; Value = "DigiKey"; VariantName = "[No Variations]"
Add component (AddParameter): Name = "Supplier Device Package"; Value = "2-SMD"; VariantName = "[No Variations]"
Add component (AddParameter): Name = "Supplier Part Number 1"; Value = "1497-1398-1-ND"; VariantName = "[No Variations]"
Add component (AddParameter): Name = "Value"; Value = "Green"; VariantName = "[No Variations]"
Add component (AddParameter): Name = "Viewing Angle"; Value = "70°"; VariantName = "[No Variations]"
Add component (AddParameter): Name = "Voltage - Forward (Vf) (Typ)"; Value = "2.1V"; VariantName = "[No Variations]"
Add component (AddParameter): Name = "Wavelength - Dominant"; Value = "570nm"; VariantName = "[No Variations]"
Add component (AddParameter): Name = "Wavelength - Peak"; Value = "574nm"; VariantName = "[No Variations]"
Added Component: Designator=D6(LED 1206_3216 GREEN)
Add component (AddParameter): Name = "Color"; Value = "Green"; VariantName = "[No Variations]"
Add component (AddParameter): Name = "ComponentLink1Description"; Value = "Datasheet"; VariantName = "[No Variations]"
Add component (AddParameter): Name = "ComponentLink1URL"; Value = "https://www.sunledusa.com/products/spec/XZVG60W.pdf"; VariantName = "[No Variations]"
Add component (AddParameter): Name = "ComponentLink2Description"; Value = "DigiKey Link"; VariantName = "[No Variations]"
Add component (AddParameter): Name = "ComponentLink2URL"; Value = "https://www.digikey.com/en/products/detail/sunled/XZVG60W/4902123"; VariantName = "[No Variations]"
Add component (AddParameter): Name = "Configuration"; Value = "Standard"; VariantName = "[No Variations]"
Add component (AddParameter): Name = "Current - Test"; Value = "20mA"; VariantName = "[No Variations]"
Add component (AddParameter): Name = "Device Package"; Value = "1206 (3216 Metric)"; VariantName = "[No Variations]"
Add component (AddParameter): Name = "Height (Max)"; Value = "1.40mm"; VariantName = "[No Variations]"
Add component (AddParameter): Name = "LastUpdated"; Value = "3/06/2024 7:59:11 PM"; VariantName = "[No Variations]"
Add component (AddParameter): Name = "Lens Color"; Value = "Colorless"; VariantName = "[No Variations]"
Add component (AddParameter): Name = "Lens Size"; Value = "2.00mm x 1.50mm"; VariantName = "[No Variations]"
Add component (AddParameter): Name = "Lens Style"; Value = "Rectangle with Flat Top"; VariantName = "[No Variations]"
Add component (AddParameter): Name = "Lens Transparency"; Value = "Clear"; VariantName = "[No Variations]"
Add component (AddParameter): Name = "Lifecycle Status"; Value = "Active"; VariantName = "[No Variations]"
Add component (AddParameter): Name = "Manufacturer"; Value = "SunLED"; VariantName = "[No Variations]"
Add component (AddParameter): Name = "Millicandela Rating"; Value = "118mcd"; VariantName = "[No Variations]"
Add component (AddParameter): Name = "Minimum Order"; Value = "1"; VariantName = "[No Variations]"
Add component (AddParameter): Name = "Mounting Type"; Value = "Surface Mount"; VariantName = "[No Variations]"
Add component (AddParameter): Name = "Package / Case"; Value = "1206 (3216 Metric)"; VariantName = "[No Variations]"
Add component (AddParameter): Name = "Packaging"; Value = "TapeAndReel"; VariantName = "[No Variations]"
Add component (AddParameter): Name = "Part Number"; Value = "XZVG60W"; VariantName = "[No Variations]"
Add component (AddParameter): Name = "Part Status"; Value = "Active"; VariantName = "[No Variations]"
Add component (AddParameter): Name = "PartId"; Value = "1002"; VariantName = "[No Variations]"
Add component (AddParameter): Name = "Price"; Value = "0.07"; VariantName = "[No Variations]"
Add component (AddParameter): Name = "Series"; Value = "-"; VariantName = "[No Variations]"
Add component (AddParameter): Name = "Size / Dimension"; Value = "3.00mm L x 1.50mm W"; VariantName = "[No Variations]"
Add component (AddParameter): Name = "Supplier 1"; Value = "DigiKey"; VariantName = "[No Variations]"
Add component (AddParameter): Name = "Supplier Device Package"; Value = "2-SMD"; VariantName = "[No Variations]"
Add component (AddParameter): Name = "Supplier Part Number 1"; Value = "1497-1398-1-ND"; VariantName = "[No Variations]"
Add component (AddParameter): Name = "Value"; Value = "Green"; VariantName = "[No Variations]"
Add component (AddParameter): Name = "Viewing Angle"; Value = "70°"; VariantName = "[No Variations]"
Add component (AddParameter): Name = "Voltage - Forward (Vf) (Typ)"; Value = "2.1V"; VariantName = "[No Variations]"
Add component (AddParameter): Name = "Wavelength - Dominant"; Value = "570nm"; VariantName = "[No Variations]"
Add component (AddParameter): Name = "Wavelength - Peak"; Value = "574nm"; VariantName = "[No Variations]"
Added Component: Designator=D7(LED 1206_3216 GREEN)
Add component (AddParameter): Name = "Color"; Value = "Green"; VariantName = "[No Variations]"
Add component (AddParameter): Name = "ComponentLink1Description"; Value = "Datasheet"; VariantName = "[No Variations]"
Add component (AddParameter): Name = "ComponentLink1URL"; Value = "https://www.sunledusa.com/products/spec/XZVG60W.pdf"; VariantName = "[No Variations]"
Add component (AddParameter): Name = "ComponentLink2Description"; Value = "DigiKey Link"; VariantName = "[No Variations]"
Add component (AddParameter): Name = "ComponentLink2URL"; Value = "https://www.digikey.com/en/products/detail/sunled/XZVG60W/4902123"; VariantName = "[No Variations]"
Add component (AddParameter): Name = "Configuration"; Value = "Standard"; VariantName = "[No Variations]"
Add component (AddParameter): Name = "Current - Test"; Value = "20mA"; VariantName = "[No Variations]"
Add component (AddParameter): Name = "Device Package"; Value = "1206 (3216 Metric)"; VariantName = "[No Variations]"
Add component (AddParameter): Name = "Height (Max)"; Value = "1.40mm"; VariantName = "[No Variations]"
Add component (AddParameter): Name = "LastUpdated"; Value = "3/06/2024 7:59:11 PM"; VariantName = "[No Variations]"
Add component (AddParameter): Name = "Lens Color"; Value = "Colorless"; VariantName = "[No Variations]"
Add component (AddParameter): Name = "Lens Size"; Value = "2.00mm x 1.50mm"; VariantName = "[No Variations]"
Add component (AddParameter): Name = "Lens Style"; Value = "Rectangle with Flat Top"; VariantName = "[No Variations]"
Add component (AddParameter): Name = "Lens Transparency"; Value = "Clear"; VariantName = "[No Variations]"
Add component (AddParameter): Name = "Lifecycle Status"; Value = "Active"; VariantName = "[No Variations]"
Add component (AddParameter): Name = "Manufacturer"; Value = "SunLED"; VariantName = "[No Variations]"
Add component (AddParameter): Name = "Millicandela Rating"; Value = "118mcd"; VariantName = "[No Variations]"
Add component (AddParameter): Name = "Minimum Order"; Value = "1"; VariantName = "[No Variations]"
Add component (AddParameter): Name = "Mounting Type"; Value = "Surface Mount"; VariantName = "[No Variations]"
Add component (AddParameter): Name = "Package / Case"; Value = "1206 (3216 Metric)"; VariantName = "[No Variations]"
Add component (AddParameter): Name = "Packaging"; Value = "TapeAndReel"; VariantName = "[No Variations]"
Add component (AddParameter): Name = "Part Number"; Value = "XZVG60W"; VariantName = "[No Variations]"
Add component (AddParameter): Name = "Part Status"; Value = "Active"; VariantName = "[No Variations]"
Add component (AddParameter): Name = "PartId"; Value = "1002"; VariantName = "[No Variations]"
Add component (AddParameter): Name = "Price"; Value = "0.07"; VariantName = "[No Variations]"
Add component (AddParameter): Name = "Series"; Value = "-"; VariantName = "[No Variations]"
Add component (AddParameter): Name = "Size / Dimension"; Value = "3.00mm L x 1.50mm W"; VariantName = "[No Variations]"
Add component (AddParameter): Name = "Supplier 1"; Value = "DigiKey"; VariantName = "[No Variations]"
Add component (AddParameter): Name = "Supplier Device Package"; Value = "2-SMD"; VariantName = "[No Variations]"
Add component (AddParameter): Name = "Supplier Part Number 1"; Value = "1497-1398-1-ND"; VariantName = "[No Variations]"
Add component (AddParameter): Name = "Value"; Value = "Green"; VariantName = "[No Variations]"
Add component (AddParameter): Name = "Viewing Angle"; Value = "70°"; VariantName = "[No Variations]"
Add component (AddParameter): Name = "Voltage - Forward (Vf) (Typ)"; Value = "2.1V"; VariantName = "[No Variations]"
Add component (AddParameter): Name = "Wavelength - Dominant"; Value = "570nm"; VariantName = "[No Variations]"
Add component (AddParameter): Name = "Wavelength - Peak"; Value = "574nm"; VariantName = "[No Variations]"
Added Component: Designator=D8(DO214AA SMB)
Add component (AddParameter): Name = "ComponentLink1Description"; Value = "Datasheet"; VariantName = "[No Variations]"
Add component (AddParameter): Name = "ComponentLink1URL"; Value = "https://www.onsemi.com/pub/Collateral/MBRS140T3-D.PDF"; VariantName = "[No Variations]"
Add component (AddParameter): Name = "ComponentLink2Description"; Value = "DigiKey Link"; VariantName = "[No Variations]"
Add component (AddParameter): Name = "ComponentLink2URL"; Value = "http://digikey.com/product-detail/en/on-semiconductor/MBRS140T3G/MBRS140T3GOSCT-ND/918002"; VariantName = "[No Variations]"
Add component (AddParameter): Name = "Current - Average Rectified (Io)"; Value = "1A"; VariantName = "[No Variations]"
Add component (AddParameter): Name = "Current - Reverse Leakage @ Vr"; Value = "1mA @ 40V"; VariantName = "[No Variations]"
Add component (AddParameter): Name = "Diode Type"; Value = "Schottky"; VariantName = "[No Variations]"
Add component (AddParameter): Name = "LastUpdated"; Value = "8/02/2024 9:26:46 PM"; VariantName = "[No Variations]"
Add component (AddParameter): Name = "Lifecycle Status"; Value = "Active"; VariantName = "[No Variations]"
Add component (AddParameter): Name = "Manufacturer"; Value = "ON Semiconductor"; VariantName = "[No Variations]"
Add component (AddParameter): Name = "Minimum Order"; Value = "1"; VariantName = "[No Variations]"
Add component (AddParameter): Name = "Mounting Type"; Value = "Surface Mount"; VariantName = "[No Variations]"
Add component (AddParameter): Name = "Operating Temperature - Junction"; Value = "-65°C ~ 125°C"; VariantName = "[No Variations]"
Add component (AddParameter): Name = "Package / Case"; Value = "DO-214AA, SMB"; VariantName = "[No Variations]"
Add component (AddParameter): Name = "Packaging"; Value = "TapeAndReel"; VariantName = "[No Variations]"
Add component (AddParameter): Name = "Part Number"; Value = "MBRS140T3G"; VariantName = "[No Variations]"
Add component (AddParameter): Name = "Part Status"; Value = "Active"; VariantName = "[No Variations]"
Add component (AddParameter): Name = "PartId"; Value = "1387"; VariantName = "[No Variations]"
Add component (AddParameter): Name = "Price"; Value = "0.08"; VariantName = "[No Variations]"
Add component (AddParameter): Name = "Series"; Value = "-"; VariantName = "[No Variations]"
Add component (AddParameter): Name = "Speed"; Value = "Fast Recovery =< 500ns, > 200mA (Io)"; VariantName = "[No Variations]"
Add component (AddParameter): Name = "Supplier 1"; Value = "DigiKey"; VariantName = "[No Variations]"
Add component (AddParameter): Name = "Supplier Device Package"; Value = "SMB"; VariantName = "[No Variations]"
Add component (AddParameter): Name = "Supplier Part Number 1"; Value = "MBRS140T3GOSCT-ND"; VariantName = "[No Variations]"
Add component (AddParameter): Name = "Voltage - DC Reverse (Vr) (Max)"; Value = "40V"; VariantName = "[No Variations]"
Add component (AddParameter): Name = "Voltage - Forward (Vf) (Max) @ If"; Value = "600mV @ 1A"; VariantName = "[No Variations]"
Added Component: Designator=D9(DO214AA SMB)
Add component (AddParameter): Name = "ComponentLink1Description"; Value = "Datasheet"; VariantName = "[No Variations]"
Add component (AddParameter): Name = "ComponentLink1URL"; Value = "https://www.onsemi.com/pub/Collateral/MBRS140T3-D.PDF"; VariantName = "[No Variations]"
Add component (AddParameter): Name = "ComponentLink2Description"; Value = "DigiKey Link"; VariantName = "[No Variations]"
Add component (AddParameter): Name = "ComponentLink2URL"; Value = "http://digikey.com/product-detail/en/on-semiconductor/MBRS140T3G/MBRS140T3GOSCT-ND/918002"; VariantName = "[No Variations]"
Add component (AddParameter): Name = "Current - Average Rectified (Io)"; Value = "1A"; VariantName = "[No Variations]"
Add component (AddParameter): Name = "Current - Reverse Leakage @ Vr"; Value = "1mA @ 40V"; VariantName = "[No Variations]"
Add component (AddParameter): Name = "Diode Type"; Value = "Schottky"; VariantName = "[No Variations]"
Add component (AddParameter): Name = "LastUpdated"; Value = "8/02/2024 9:26:46 PM"; VariantName = "[No Variations]"
Add component (AddParameter): Name = "Lifecycle Status"; Value = "Active"; VariantName = "[No Variations]"
Add component (AddParameter): Name = "Manufacturer"; Value = "ON Semiconductor"; VariantName = "[No Variations]"
Add component (AddParameter): Name = "Minimum Order"; Value = "1"; VariantName = "[No Variations]"
Add component (AddParameter): Name = "Mounting Type"; Value = "Surface Mount"; VariantName = "[No Variations]"
Add component (AddParameter): Name = "Operating Temperature - Junction"; Value = "-65°C ~ 125°C"; VariantName = "[No Variations]"
Add component (AddParameter): Name = "Package / Case"; Value = "DO-214AA, SMB"; VariantName = "[No Variations]"
Add component (AddParameter): Name = "Packaging"; Value = "TapeAndReel"; VariantName = "[No Variations]"
Add component (AddParameter): Name = "Part Number"; Value = "MBRS140T3G"; VariantName = "[No Variations]"
Add component (AddParameter): Name = "Part Status"; Value = "Active"; VariantName = "[No Variations]"
Add component (AddParameter): Name = "PartId"; Value = "1387"; VariantName = "[No Variations]"
Add component (AddParameter): Name = "Price"; Value = "0.08"; VariantName = "[No Variations]"
Add component (AddParameter): Name = "Series"; Value = "-"; VariantName = "[No Variations]"
Add component (AddParameter): Name = "Speed"; Value = "Fast Recovery =< 500ns, > 200mA (Io)"; VariantName = "[No Variations]"
Add component (AddParameter): Name = "Supplier 1"; Value = "DigiKey"; VariantName = "[No Variations]"
Add component (AddParameter): Name = "Supplier Device Package"; Value = "SMB"; VariantName = "[No Variations]"
Add component (AddParameter): Name = "Supplier Part Number 1"; Value = "MBRS140T3GOSCT-ND"; VariantName = "[No Variations]"
Add component (AddParameter): Name = "Voltage - DC Reverse (Vr) (Max)"; Value = "40V"; VariantName = "[No Variations]"
Add component (AddParameter): Name = "Voltage - Forward (Vf) (Max) @ If"; Value = "600mV @ 1A"; VariantName = "[No Variations]"
Added Component: Designator=D10(LED 1206_3216 GREEN)
Add component (AddParameter): Name = "Color"; Value = "Green"; VariantName = "[No Variations]"
Add component (AddParameter): Name = "ComponentLink1Description"; Value = "Datasheet"; VariantName = "[No Variations]"
Add component (AddParameter): Name = "ComponentLink1URL"; Value = "https://www.sunledusa.com/products/spec/XZVG60W.pdf"; VariantName = "[No Variations]"
Add component (AddParameter): Name = "ComponentLink2Description"; Value = "DigiKey Link"; VariantName = "[No Variations]"
Add component (AddParameter): Name = "ComponentLink2URL"; Value = "https://www.digikey.com/en/products/detail/sunled/XZVG60W/4902123"; VariantName = "[No Variations]"
Add component (AddParameter): Name = "Configuration"; Value = "Standard"; VariantName = "[No Variations]"
Add component (AddParameter): Name = "Current - Test"; Value = "20mA"; VariantName = "[No Variations]"
Add component (AddParameter): Name = "Device Package"; Value = "1206 (3216 Metric)"; VariantName = "[No Variations]"
Add component (AddParameter): Name = "Height (Max)"; Value = "1.40mm"; VariantName = "[No Variations]"
Add component (AddParameter): Name = "LastUpdated"; Value = "3/06/2024 7:59:11 PM"; VariantName = "[No Variations]"
Add component (AddParameter): Name = "Lens Color"; Value = "Colorless"; VariantName = "[No Variations]"
Add component (AddParameter): Name = "Lens Size"; Value = "2.00mm x 1.50mm"; VariantName = "[No Variations]"
Add component (AddParameter): Name = "Lens Style"; Value = "Rectangle with Flat Top"; VariantName = "[No Variations]"
Add component (AddParameter): Name = "Lens Transparency"; Value = "Clear"; VariantName = "[No Variations]"
Add component (AddParameter): Name = "Lifecycle Status"; Value = "Active"; VariantName = "[No Variations]"
Add component (AddParameter): Name = "Manufacturer"; Value = "SunLED"; VariantName = "[No Variations]"
Add component (AddParameter): Name = "Millicandela Rating"; Value = "118mcd"; VariantName = "[No Variations]"
Add component (AddParameter): Name = "Minimum Order"; Value = "1"; VariantName = "[No Variations]"
Add component (AddParameter): Name = "Mounting Type"; Value = "Surface Mount"; VariantName = "[No Variations]"
Add component (AddParameter): Name = "Package / Case"; Value = "1206 (3216 Metric)"; VariantName = "[No Variations]"
Add component (AddParameter): Name = "Packaging"; Value = "TapeAndReel"; VariantName = "[No Variations]"
Add component (AddParameter): Name = "Part Number"; Value = "XZVG60W"; VariantName = "[No Variations]"
Add component (AddParameter): Name = "Part Status"; Value = "Active"; VariantName = "[No Variations]"
Add component (AddParameter): Name = "PartId"; Value = "1002"; VariantName = "[No Variations]"
Add component (AddParameter): Name = "Price"; Value = "0.07"; VariantName = "[No Variations]"
Add component (AddParameter): Name = "Series"; Value = "-"; VariantName = "[No Variations]"
Add component (AddParameter): Name = "Size / Dimension"; Value = "3.00mm L x 1.50mm W"; VariantName = "[No Variations]"
Add component (AddParameter): Name = "Supplier 1"; Value = "DigiKey"; VariantName = "[No Variations]"
Add component (AddParameter): Name = "Supplier Device Package"; Value = "2-SMD"; VariantName = "[No Variations]"
Add component (AddParameter): Name = "Supplier Part Number 1"; Value = "1497-1398-1-ND"; VariantName = "[No Variations]"
Add component (AddParameter): Name = "Value"; Value = "Green"; VariantName = "[No Variations]"
Add component (AddParameter): Name = "Viewing Angle"; Value = "70°"; VariantName = "[No Variations]"
Add component (AddParameter): Name = "Voltage - Forward (Vf) (Typ)"; Value = "2.1V"; VariantName = "[No Variations]"
Add component (AddParameter): Name = "Wavelength - Dominant"; Value = "570nm"; VariantName = "[No Variations]"
Add component (AddParameter): Name = "Wavelength - Peak"; Value = "574nm"; VariantName = "[No Variations]"
Added Component: Designator=D11(LED 1206_3216 GREEN)
Add component (AddParameter): Name = "Color"; Value = "Green"; VariantName = "[No Variations]"
Add component (AddParameter): Name = "ComponentLink1Description"; Value = "Datasheet"; VariantName = "[No Variations]"
Add component (AddParameter): Name = "ComponentLink1URL"; Value = "https://www.sunledusa.com/products/spec/XZVG60W.pdf"; VariantName = "[No Variations]"
Add component (AddParameter): Name = "ComponentLink2Description"; Value = "DigiKey Link"; VariantName = "[No Variations]"
Add component (AddParameter): Name = "ComponentLink2URL"; Value = "https://www.digikey.com/en/products/detail/sunled/XZVG60W/4902123"; VariantName = "[No Variations]"
Add component (AddParameter): Name = "Configuration"; Value = "Standard"; VariantName = "[No Variations]"
Add component (AddParameter): Name = "Current - Test"; Value = "20mA"; VariantName = "[No Variations]"
Add component (AddParameter): Name = "Device Package"; Value = "1206 (3216 Metric)"; VariantName = "[No Variations]"
Add component (AddParameter): Name = "Height (Max)"; Value = "1.40mm"; VariantName = "[No Variations]"
Add component (AddParameter): Name = "LastUpdated"; Value = "3/06/2024 7:59:11 PM"; VariantName = "[No Variations]"
Add component (AddParameter): Name = "Lens Color"; Value = "Colorless"; VariantName = "[No Variations]"
Add component (AddParameter): Name = "Lens Size"; Value = "2.00mm x 1.50mm"; VariantName = "[No Variations]"
Add component (AddParameter): Name = "Lens Style"; Value = "Rectangle with Flat Top"; VariantName = "[No Variations]"
Add component (AddParameter): Name = "Lens Transparency"; Value = "Clear"; VariantName = "[No Variations]"
Add component (AddParameter): Name = "Lifecycle Status"; Value = "Active"; VariantName = "[No Variations]"
Add component (AddParameter): Name = "Manufacturer"; Value = "SunLED"; VariantName = "[No Variations]"
Add component (AddParameter): Name = "Millicandela Rating"; Value = "118mcd"; VariantName = "[No Variations]"
Add component (AddParameter): Name = "Minimum Order"; Value = "1"; VariantName = "[No Variations]"
Add component (AddParameter): Name = "Mounting Type"; Value = "Surface Mount"; VariantName = "[No Variations]"
Add component (AddParameter): Name = "Package / Case"; Value = "1206 (3216 Metric)"; VariantName = "[No Variations]"
Add component (AddParameter): Name = "Packaging"; Value = "TapeAndReel"; VariantName = "[No Variations]"
Add component (AddParameter): Name = "Part Number"; Value = "XZVG60W"; VariantName = "[No Variations]"
Add component (AddParameter): Name = "Part Status"; Value = "Active"; VariantName = "[No Variations]"
Add component (AddParameter): Name = "PartId"; Value = "1002"; VariantName = "[No Variations]"
Add component (AddParameter): Name = "Price"; Value = "0.07"; VariantName = "[No Variations]"
Add component (AddParameter): Name = "Series"; Value = "-"; VariantName = "[No Variations]"
Add component (AddParameter): Name = "Size / Dimension"; Value = "3.00mm L x 1.50mm W"; VariantName = "[No Variations]"
Add component (AddParameter): Name = "Supplier 1"; Value = "DigiKey"; VariantName = "[No Variations]"
Add component (AddParameter): Name = "Supplier Device Package"; Value = "2-SMD"; VariantName = "[No Variations]"
Add component (AddParameter): Name = "Supplier Part Number 1"; Value = "1497-1398-1-ND"; VariantName = "[No Variations]"
Add component (AddParameter): Name = "Value"; Value = "Green"; VariantName = "[No Variations]"
Add component (AddParameter): Name = "Viewing Angle"; Value = "70°"; VariantName = "[No Variations]"
Add component (AddParameter): Name = "Voltage - Forward (Vf) (Typ)"; Value = "2.1V"; VariantName = "[No Variations]"
Add component (AddParameter): Name = "Wavelength - Dominant"; Value = "570nm"; VariantName = "[No Variations]"
Add component (AddParameter): Name = "Wavelength - Peak"; Value = "574nm"; VariantName = "[No Variations]"
Added Component: Designator=D12(LED 1206_3216 GREEN)
Add component (AddParameter): Name = "Color"; Value = "Green"; VariantName = "[No Variations]"
Add component (AddParameter): Name = "ComponentLink1Description"; Value = "Datasheet"; VariantName = "[No Variations]"
Add component (AddParameter): Name = "ComponentLink1URL"; Value = "https://www.sunledusa.com/products/spec/XZVG60W.pdf"; VariantName = "[No Variations]"
Add component (AddParameter): Name = "ComponentLink2Description"; Value = "DigiKey Link"; VariantName = "[No Variations]"
Add component (AddParameter): Name = "ComponentLink2URL"; Value = "https://www.digikey.com/en/products/detail/sunled/XZVG60W/4902123"; VariantName = "[No Variations]"
Add component (AddParameter): Name = "Configuration"; Value = "Standard"; VariantName = "[No Variations]"
Add component (AddParameter): Name = "Current - Test"; Value = "20mA"; VariantName = "[No Variations]"
Add component (AddParameter): Name = "Device Package"; Value = "1206 (3216 Metric)"; VariantName = "[No Variations]"
Add component (AddParameter): Name = "Height (Max)"; Value = "1.40mm"; VariantName = "[No Variations]"
Add component (AddParameter): Name = "LastUpdated"; Value = "3/06/2024 7:59:11 PM"; VariantName = "[No Variations]"
Add component (AddParameter): Name = "Lens Color"; Value = "Colorless"; VariantName = "[No Variations]"
Add component (AddParameter): Name = "Lens Size"; Value = "2.00mm x 1.50mm"; VariantName = "[No Variations]"
Add component (AddParameter): Name = "Lens Style"; Value = "Rectangle with Flat Top"; VariantName = "[No Variations]"
Add component (AddParameter): Name = "Lens Transparency"; Value = "Clear"; VariantName = "[No Variations]"
Add component (AddParameter): Name = "Lifecycle Status"; Value = "Active"; VariantName = "[No Variations]"
Add component (AddParameter): Name = "Manufacturer"; Value = "SunLED"; VariantName = "[No Variations]"
Add component (AddParameter): Name = "Millicandela Rating"; Value = "118mcd"; VariantName = "[No Variations]"
Add component (AddParameter): Name = "Minimum Order"; Value = "1"; VariantName = "[No Variations]"
Add component (AddParameter): Name = "Mounting Type"; Value = "Surface Mount"; VariantName = "[No Variations]"
Add component (AddParameter): Name = "Package / Case"; Value = "1206 (3216 Metric)"; VariantName = "[No Variations]"
Add component (AddParameter): Name = "Packaging"; Value = "TapeAndReel"; VariantName = "[No Variations]"
Add component (AddParameter): Name = "Part Number"; Value = "XZVG60W"; VariantName = "[No Variations]"
Add component (AddParameter): Name = "Part Status"; Value = "Active"; VariantName = "[No Variations]"
Add component (AddParameter): Name = "PartId"; Value = "1002"; VariantName = "[No Variations]"
Add component (AddParameter): Name = "Price"; Value = "0.07"; VariantName = "[No Variations]"
Add component (AddParameter): Name = "Series"; Value = "-"; VariantName = "[No Variations]"
Add component (AddParameter): Name = "Size / Dimension"; Value = "3.00mm L x 1.50mm W"; VariantName = "[No Variations]"
Add component (AddParameter): Name = "Supplier 1"; Value = "DigiKey"; VariantName = "[No Variations]"
Add component (AddParameter): Name = "Supplier Device Package"; Value = "2-SMD"; VariantName = "[No Variations]"
Add component (AddParameter): Name = "Supplier Part Number 1"; Value = "1497-1398-1-ND"; VariantName = "[No Variations]"
Add component (AddParameter): Name = "Value"; Value = "Green"; VariantName = "[No Variations]"
Add component (AddParameter): Name = "Viewing Angle"; Value = "70°"; VariantName = "[No Variations]"
Add component (AddParameter): Name = "Voltage - Forward (Vf) (Typ)"; Value = "2.1V"; VariantName = "[No Variations]"
Add component (AddParameter): Name = "Wavelength - Dominant"; Value = "570nm"; VariantName = "[No Variations]"
Add component (AddParameter): Name = "Wavelength - Peak"; Value = "574nm"; VariantName = "[No Variations]"
Added Component: Designator=D13(LED 1206_3216 GREEN)
Add component (AddParameter): Name = "Color"; Value = "Green"; VariantName = "[No Variations]"
Add component (AddParameter): Name = "ComponentLink1Description"; Value = "Datasheet"; VariantName = "[No Variations]"
Add component (AddParameter): Name = "ComponentLink1URL"; Value = "https://www.sunledusa.com/products/spec/XZVG60W.pdf"; VariantName = "[No Variations]"
Add component (AddParameter): Name = "ComponentLink2Description"; Value = "DigiKey Link"; VariantName = "[No Variations]"
Add component (AddParameter): Name = "ComponentLink2URL"; Value = "https://www.digikey.com/en/products/detail/sunled/XZVG60W/4902123"; VariantName = "[No Variations]"
Add component (AddParameter): Name = "Configuration"; Value = "Standard"; VariantName = "[No Variations]"
Add component (AddParameter): Name = "Current - Test"; Value = "20mA"; VariantName = "[No Variations]"
Add component (AddParameter): Name = "Device Package"; Value = "1206 (3216 Metric)"; VariantName = "[No Variations]"
Add component (AddParameter): Name = "Height (Max)"; Value = "1.40mm"; VariantName = "[No Variations]"
Add component (AddParameter): Name = "LastUpdated"; Value = "3/06/2024 7:59:11 PM"; VariantName = "[No Variations]"
Add component (AddParameter): Name = "Lens Color"; Value = "Colorless"; VariantName = "[No Variations]"
Add component (AddParameter): Name = "Lens Size"; Value = "2.00mm x 1.50mm"; VariantName = "[No Variations]"
Add component (AddParameter): Name = "Lens Style"; Value = "Rectangle with Flat Top"; VariantName = "[No Variations]"
Add component (AddParameter): Name = "Lens Transparency"; Value = "Clear"; VariantName = "[No Variations]"
Add component (AddParameter): Name = "Lifecycle Status"; Value = "Active"; VariantName = "[No Variations]"
Add component (AddParameter): Name = "Manufacturer"; Value = "SunLED"; VariantName = "[No Variations]"
Add component (AddParameter): Name = "Millicandela Rating"; Value = "118mcd"; VariantName = "[No Variations]"
Add component (AddParameter): Name = "Minimum Order"; Value = "1"; VariantName = "[No Variations]"
Add component (AddParameter): Name = "Mounting Type"; Value = "Surface Mount"; VariantName = "[No Variations]"
Add component (AddParameter): Name = "Package / Case"; Value = "1206 (3216 Metric)"; VariantName = "[No Variations]"
Add component (AddParameter): Name = "Packaging"; Value = "TapeAndReel"; VariantName = "[No Variations]"
Add component (AddParameter): Name = "Part Number"; Value = "XZVG60W"; VariantName = "[No Variations]"
Add component (AddParameter): Name = "Part Status"; Value = "Active"; VariantName = "[No Variations]"
Add component (AddParameter): Name = "PartId"; Value = "1002"; VariantName = "[No Variations]"
Add component (AddParameter): Name = "Price"; Value = "0.07"; VariantName = "[No Variations]"
Add component (AddParameter): Name = "Series"; Value = "-"; VariantName = "[No Variations]"
Add component (AddParameter): Name = "Size / Dimension"; Value = "3.00mm L x 1.50mm W"; VariantName = "[No Variations]"
Add component (AddParameter): Name = "Supplier 1"; Value = "DigiKey"; VariantName = "[No Variations]"
Add component (AddParameter): Name = "Supplier Device Package"; Value = "2-SMD"; VariantName = "[No Variations]"
Add component (AddParameter): Name = "Supplier Part Number 1"; Value = "1497-1398-1-ND"; VariantName = "[No Variations]"
Add component (AddParameter): Name = "Value"; Value = "Green"; VariantName = "[No Variations]"
Add component (AddParameter): Name = "Viewing Angle"; Value = "70°"; VariantName = "[No Variations]"
Add component (AddParameter): Name = "Voltage - Forward (Vf) (Typ)"; Value = "2.1V"; VariantName = "[No Variations]"
Add component (AddParameter): Name = "Wavelength - Dominant"; Value = "570nm"; VariantName = "[No Variations]"
Add component (AddParameter): Name = "Wavelength - Peak"; Value = "574nm"; VariantName = "[No Variations]"
Added Component: Designator=D14(LED 0805_2012 YELLOW)
Add component (AddParameter): Name = "Color"; Value = "Yellow"; VariantName = "[No Variations]"
Add component (AddParameter): Name = "ComponentLink1Description"; Value = "Datasheet"; VariantName = "[No Variations]"
Add component (AddParameter): Name = "ComponentLink1URL"; Value = "https://www.sunledusa.com/products/spec/XZUY54W-1.pdf"; VariantName = "[No Variations]"
Add component (AddParameter): Name = "ComponentLink2Description"; Value = "DigiKey Link"; VariantName = "[No Variations]"
Add component (AddParameter): Name = "ComponentLink2URL"; Value = "https://www.digikey.com/en/products/detail/sunled/XZUY54W-1/4745811"; VariantName = "[No Variations]"
Add component (AddParameter): Name = "Configuration"; Value = "Standard"; VariantName = "[No Variations]"
Add component (AddParameter): Name = "Current - Test"; Value = "20mA"; VariantName = "[No Variations]"
Add component (AddParameter): Name = "Device Package"; Value = "0805 (2012 Metric)"; VariantName = "[No Variations]"
Add component (AddParameter): Name = "Height (Max)"; Value = "0.75mm"; VariantName = "[No Variations]"
Add component (AddParameter): Name = "LastUpdated"; Value = "3/06/2024 8:01:27 PM"; VariantName = "[No Variations]"
Add component (AddParameter): Name = "Lens Color"; Value = "Colorless"; VariantName = "[No Variations]"
Add component (AddParameter): Name = "Lens Size"; Value = "1.20mm x 1.25mm"; VariantName = "[No Variations]"
Add component (AddParameter): Name = "Lens Style"; Value = "Rectangle with Flat Top"; VariantName = "[No Variations]"
Add component (AddParameter): Name = "Lens Transparency"; Value = "Clear"; VariantName = "[No Variations]"
Add component (AddParameter): Name = "Lifecycle Status"; Value = "Active"; VariantName = "[No Variations]"
Add component (AddParameter): Name = "Manufacturer"; Value = "SunLED"; VariantName = "[No Variations]"
Add component (AddParameter): Name = "Millicandela Rating"; Value = "7mcd"; VariantName = "[No Variations]"
Add component (AddParameter): Name = "Minimum Order"; Value = "1"; VariantName = "[No Variations]"
Add component (AddParameter): Name = "Mounting Type"; Value = "Surface Mount"; VariantName = "[No Variations]"
Add component (AddParameter): Name = "Package / Case"; Value = "0805 (2012 Metric)"; VariantName = "[No Variations]"
Add component (AddParameter): Name = "Packaging"; Value = "TapeAndReel"; VariantName = "[No Variations]"
Add component (AddParameter): Name = "Part Number"; Value = "XZUY54W-1"; VariantName = "[No Variations]"
Add component (AddParameter): Name = "Part Status"; Value = "Active"; VariantName = "[No Variations]"
Add component (AddParameter): Name = "PartId"; Value = "43"; VariantName = "[No Variations]"
Add component (AddParameter): Name = "Price"; Value = "0.04"; VariantName = "[No Variations]"
Add component (AddParameter): Name = "Series"; Value = "-"; VariantName = "[No Variations]"
Add component (AddParameter): Name = "Size / Dimension"; Value = "2.00mm L x 1.25mm W"; VariantName = "[No Variations]"
Add component (AddParameter): Name = "Supplier 1"; Value = "DigiKey"; VariantName = "[No Variations]"
Add component (AddParameter): Name = "Supplier Device Package"; Value = "Chip LED"; VariantName = "[No Variations]"
Add component (AddParameter): Name = "Supplier Part Number 1"; Value = "1497-1210-1-ND"; VariantName = "[No Variations]"
Add component (AddParameter): Name = "Value"; Value = "Yellow"; VariantName = "[No Variations]"
Add component (AddParameter): Name = "Viewing Angle"; Value = "120°"; VariantName = "[No Variations]"
Add component (AddParameter): Name = "Voltage - Forward (Vf) (Typ)"; Value = "2.1V"; VariantName = "[No Variations]"
Add component (AddParameter): Name = "Wavelength - Dominant"; Value = "588nm"; VariantName = "[No Variations]"
Add component (AddParameter): Name = "Wavelength - Peak"; Value = "590nm"; VariantName = "[No Variations]"
Added Component: Designator=DS1(LCD_NHD-C12832A1Z-FSW-FBW-3V3)
Add component (AddParameter): Name = "Availability"; Value = "Good"; VariantName = "[No Variations]"
Add component (AddParameter): Name = "Check_prices"; Value = "https://www.snapeda.com/parts/NHD-C12832A1Z-FSW-FBW-3V3/Newhaven%20Display%20Intl/view-part/275499/?ref=eda"; VariantName = "[No Variations]"
Add component (AddParameter): Name = "MF"; Value = "Newhaven"; VariantName = "[No Variations]"
Add component (AddParameter): Name = "MP"; Value = "NHD-C12832A1Z-FSW-FBW-3V3"; VariantName = "[No Variations]"
Add component (AddParameter): Name = "Package"; Value = "None"; VariantName = "[No Variations]"
Add component (AddParameter): Name = "Price"; Value = "None"; VariantName = "[No Variations]"
Add component (AddParameter): Name = "Purchase-URL"; Value = "https://pricing.snapeda.com/search/part/NHD-C12832A1Z-FSW-FBW-3V3/?ref=eda"; VariantName = "[No Variations]"
Add component (AddParameter): Name = "SnapEDA_Link"; Value = "https://www.snapeda.com/parts/NHD-C12832A1Z-FSW-FBW-3V3/Newhaven%20Display%20Intl/view-part/275499/?ref=snap"; VariantName = "[No Variations]"
Add component (AddParameter): Name = "Value"; Value = ""; VariantName = "[No Variations]"
Added Component: Designator=IC1(ST SOT-223)
Add component (AddParameter): Name = "ComponentLink1Description"; Value = "Datasheet"; VariantName = "[No Variations]"
Add component (AddParameter): Name = "ComponentLink1URL"; Value = "http://www.st.com/content/ccc/resource/technical/document/datasheet/99/3b/7d/91/91/51/4b/be/CD00000544.pdf/files/CD00000544.pdf/jcr:content/translations/en.CD00000544.pdf"; VariantName = "[No Variations]"
Add component (AddParameter): Name = "ComponentLink2Description"; Value = "DigiKey Link"; VariantName = "[No Variations]"
Add component (AddParameter): Name = "ComponentLink2URL"; Value = "https://www.digikey.com/en/products/detail/stmicroelectronics/LD1117S33TR/585766"; VariantName = "[No Variations]"
Add component (AddParameter): Name = "Current - Output"; Value = "800mA"; VariantName = "[No Variations]"
Add component (AddParameter): Name = "Current - Quiescent (Iq)"; Value = "10 mA"; VariantName = "[No Variations]"
Add component (AddParameter): Name = "LastUpdated"; Value = "3/06/2024 8:14:20 PM"; VariantName = "[No Variations]"
Add component (AddParameter): Name = "Lifecycle Status"; Value = "Active"; VariantName = "[No Variations]"
Add component (AddParameter): Name = "Manufacturer"; Value = "STMicroelectronics"; VariantName = "[No Variations]"
Add component (AddParameter): Name = "Minimum Order"; Value = "1"; VariantName = "[No Variations]"
Add component (AddParameter): Name = "Mounting Type"; Value = "Surface Mount"; VariantName = "[No Variations]"
Add component (AddParameter): Name = "Number of Regulators"; Value = "1"; VariantName = "[No Variations]"
Add component (AddParameter): Name = "Operating Temperature"; Value = "0°C ~ 125°C"; VariantName = "[No Variations]"
Add component (AddParameter): Name = "Output Configuration"; Value = "Positive"; VariantName = "[No Variations]"
Add component (AddParameter): Name = "Output Type"; Value = "Fixed"; VariantName = "[No Variations]"
Add component (AddParameter): Name = "Package / Case"; Value = "TO-261-4, TO-261AA"; VariantName = "[No Variations]"
Add component (AddParameter): Name = "Packaging"; Value = "TapeAndReel"; VariantName = "[No Variations]"
Add component (AddParameter): Name = "Part Number"; Value = "LD1117S33TR"; VariantName = "[No Variations]"
Add component (AddParameter): Name = "Part Status"; Value = "Active"; VariantName = "[No Variations]"
Add component (AddParameter): Name = "Price"; Value = "0.13"; VariantName = "[No Variations]"
Add component (AddParameter): Name = "Protection Features"; Value = "Over Current, Over Temperature"; VariantName = "[No Variations]"
Add component (AddParameter): Name = "PSRR"; Value = "75dB (120Hz)"; VariantName = "[No Variations]"
Add component (AddParameter): Name = "Series"; Value = "-"; VariantName = "[No Variations]"
Add component (AddParameter): Name = "Supplier 1"; Value = "DigiKey"; VariantName = "[No Variations]"
Add component (AddParameter): Name = "Supplier Device Package"; Value = "SOT-223"; VariantName = "[No Variations]"
Add component (AddParameter): Name = "Supplier Part Number 1"; Value = "497-1242-1-ND"; VariantName = "[No Variations]"
Add component (AddParameter): Name = "Voltage - Input (Max)"; Value = "15V"; VariantName = "[No Variations]"
Add component (AddParameter): Name = "Voltage - Output (Min/Fixed)"; Value = "3.3V"; VariantName = "[No Variations]"
Add component (AddParameter): Name = "Voltage Dropout (Max)"; Value = "1.2V @ 800mA"; VariantName = "[No Variations]"
Added Component: Designator=IC2(ON SEMI SO-8)
Add component (AddParameter): Name = "ComponentLink1Description"; Value = "Datasheet"; VariantName = "[No Variations]"
Add component (AddParameter): Name = "ComponentLink1URL"; Value = "http://www.onsemi.com/pub/Collateral/CS5171-D.PDF"; VariantName = "[No Variations]"
Add component (AddParameter): Name = "ComponentLink2Description"; Value = "DigiKey Link"; VariantName = "[No Variations]"
Add component (AddParameter): Name = "ComponentLink2URL"; Value = "//digikey.com/product-detail/en/on-semiconductor/CS5171EDR8G/CS5171EDR8GOSTR-ND/918422"; VariantName = "[No Variations]"
Add component (AddParameter): Name = "Current - Output"; Value = "1.5A (Switch)"; VariantName = "[No Variations]"
Add component (AddParameter): Name = "Device Package"; Value = "8-SOIC (0.154", 3.90mm Width)"; VariantName = "[No Variations]"
Add component (AddParameter): Name = "Frequency - Switching"; Value = "280kHz"; VariantName = "[No Variations]"
Add component (AddParameter): Name = "Function"; Value = "Step-Up, Step-Down, Step-Up/Step-Down"; VariantName = "[No Variations]"
Add component (AddParameter): Name = "LastUpdated"; Value = "12/12/2019 8:27:18 AM"; VariantName = "[No Variations]"
Add component (AddParameter): Name = "Lifecycle Status"; Value = "0"; VariantName = "[No Variations]"
Add component (AddParameter): Name = "Manufacturer"; Value = "ON Semiconductor"; VariantName = "[No Variations]"
Add component (AddParameter): Name = "Minimum Order"; Value = "1"; VariantName = "[No Variations]"
Add component (AddParameter): Name = "Mounting Type"; Value = "Surface Mount"; VariantName = "[No Variations]"
Add component (AddParameter): Name = "Number of Outputs"; Value = "1"; VariantName = "[No Variations]"
Add component (AddParameter): Name = "Operating Temperature"; Value = "-40°C ~ 125°C (TJ)"; VariantName = "[No Variations]"
Add component (AddParameter): Name = "Output Configuration"; Value = "Positive or Negative"; VariantName = "[No Variations]"
Add component (AddParameter): Name = "Output Type"; Value = "Adjustable"; VariantName = "[No Variations]"
Add component (AddParameter): Name = "Package / Case"; Value = "8-SOIC (0.154", 3.90mm Width)"; VariantName = "[No Variations]"
Add component (AddParameter): Name = "Packaging"; Value = "TapeAndReel"; VariantName = "[No Variations]"
Add component (AddParameter): Name = "Part Number"; Value = "CS5171EDR8G"; VariantName = "[No Variations]"
Add component (AddParameter): Name = "Part Status"; Value = "Active"; VariantName = "[No Variations]"
Add component (AddParameter): Name = "Price"; Value = "0.97"; VariantName = "[No Variations]"
Add component (AddParameter): Name = "Series"; Value = "-"; VariantName = "[No Variations]"
Add component (AddParameter): Name = "Supplier 1"; Value = "DigiKey"; VariantName = "[No Variations]"
Add component (AddParameter): Name = "Supplier Device Package"; Value = "8-SOIC"; VariantName = "[No Variations]"
Add component (AddParameter): Name = "Supplier Part Number 1"; Value = "CS5171EDR8GOSTR-ND"; VariantName = "[No Variations]"
Add component (AddParameter): Name = "Synchronous Rectifier"; Value = "No"; VariantName = "[No Variations]"
Add component (AddParameter): Name = "Topology"; Value = "Buck, Boost, Flyback, Forward Converter, SEPIC"; VariantName = "[No Variations]"
Add component (AddParameter): Name = "Voltage - Input (Max)"; Value = "30V"; VariantName = "[No Variations]"
Add component (AddParameter): Name = "Voltage - Input (Min)"; Value = "2.7V"; VariantName = "[No Variations]"
Add component (AddParameter): Name = "Voltage - Output (Max)"; Value = "40V (Switch)"; VariantName = "[No Variations]"
Add component (AddParameter): Name = "Voltage - Output (Min/Fixed)"; Value = "1.28V"; VariantName = "[No Variations]"
Added Component: Designator=IC3(TI SOT-23-5 DBV)
Add component (AddParameter): Name = "ComponentLink1Description"; Value = "Datasheet"; VariantName = "[No Variations]"
Add component (AddParameter): Name = "ComponentLink1URL"; Value = "http://www.ti.com/general/docs/suppproductinfo.tsp?distId=10&gotoUrl=http%3A%2F%2Fwww.ti.com%2Flit%2Fgpn%2Ftps763"; VariantName = "[No Variations]"
Add component (AddParameter): Name = "ComponentLink2Description"; Value = "DigiKey Link"; VariantName = "[No Variations]"
Add component (AddParameter): Name = "ComponentLink2URL"; Value = "https://www.digikey.com/en/products/detail/texas-instruments/TPS76350DBVR/382163"; VariantName = "[No Variations]"
Add component (AddParameter): Name = "Control Features"; Value = "Enable"; VariantName = "[No Variations]"
Add component (AddParameter): Name = "Current - Output"; Value = "150mA"; VariantName = "[No Variations]"
Add component (AddParameter): Name = "Current - Quiescent (Iq)"; Value = "100 µA"; VariantName = "[No Variations]"
Add component (AddParameter): Name = "Current - Supply (Max)"; Value = "140 µA"; VariantName = "[No Variations]"
Add component (AddParameter): Name = "LastUpdated"; Value = "3/06/2024 8:14:19 PM"; VariantName = "[No Variations]"
Add component (AddParameter): Name = "Lifecycle Status"; Value = "Active"; VariantName = "[No Variations]"
Add component (AddParameter): Name = "Manufacturer"; Value = "Texas Instruments"; VariantName = "[No Variations]"
Add component (AddParameter): Name = "Minimum Order"; Value = "1"; VariantName = "[No Variations]"
Add component (AddParameter): Name = "Mounting Type"; Value = "Surface Mount"; VariantName = "[No Variations]"
Add component (AddParameter): Name = "Number of Regulators"; Value = "1"; VariantName = "[No Variations]"
Add component (AddParameter): Name = "Operating Temperature"; Value = "-40°C ~ 125°C"; VariantName = "[No Variations]"
Add component (AddParameter): Name = "Output Configuration"; Value = "Positive"; VariantName = "[No Variations]"
Add component (AddParameter): Name = "Output Type"; Value = "Fixed"; VariantName = "[No Variations]"
Add component (AddParameter): Name = "Package / Case"; Value = "SC-74A, SOT-753"; VariantName = "[No Variations]"
Add component (AddParameter): Name = "Packaging"; Value = "TapeAndReel"; VariantName = "[No Variations]"
Add component (AddParameter): Name = "Part Number"; Value = "TPS76350DBVR"; VariantName = "[No Variations]"
Add component (AddParameter): Name = "Part Status"; Value = "Active"; VariantName = "[No Variations]"
Add component (AddParameter): Name = "Price"; Value = "0.22"; VariantName = "[No Variations]"
Add component (AddParameter): Name = "Protection Features"; Value = "Over Current, Over Temperature, Reverse Polarity"; VariantName = "[No Variations]"
Add component (AddParameter): Name = "PSRR"; Value = "60dB (1kHz)"; VariantName = "[No Variations]"
Add component (AddParameter): Name = "Series"; Value = "-"; VariantName = "[No Variations]"
Add component (AddParameter): Name = "Supplier 1"; Value = "DigiKey"; VariantName = "[No Variations]"
Add component (AddParameter): Name = "Supplier Device Package"; Value = "SOT-23-5"; VariantName = "[No Variations]"
Add component (AddParameter): Name = "Supplier Part Number 1"; Value = "296-11023-1-ND"; VariantName = "[No Variations]"
Add component (AddParameter): Name = "Voltage - Input (Max)"; Value = "10V"; VariantName = "[No Variations]"
Add component (AddParameter): Name = "Voltage - Output (Min/Fixed)"; Value = "5V"; VariantName = "[No Variations]"
Add component (AddParameter): Name = "Voltage Dropout (Max)"; Value = "0.3V @ 150mA"; VariantName = "[No Variations]"
Added Component: Designator=IC4(TI SOIC-8 D)
Add component (AddParameter): Name = "Amplifier Type"; Value = "General Purpose"; VariantName = "[No Variations]"
Add component (AddParameter): Name = "ComponentLink1Description"; Value = "Datasheet"; VariantName = "[No Variations]"
Add component (AddParameter): Name = "ComponentLink1URL"; Value = "http://www.ti.com/general/docs/suppproductinfo.tsp?distId=10&gotoUrl=http%3A%2F%2Fwww.ti.com%2Flit%2Fgpn%2Flm258a"; VariantName = "[No Variations]"
Add component (AddParameter): Name = "ComponentLink2Description"; Value = "DigiKey Link"; VariantName = "[No Variations]"
Add component (AddParameter): Name = "ComponentLink2URL"; Value = "http://digikey.com/product-detail/en/texas-instruments/LM2904DR/296-14596-1-ND/555533"; VariantName = "[No Variations]"
Add component (AddParameter): Name = "Current - Input Bias"; Value = "20nA"; VariantName = "[No Variations]"
Add component (AddParameter): Name = "Current - Output / Channel"; Value = "30mA"; VariantName = "[No Variations]"
Add component (AddParameter): Name = "Current - Supply"; Value = "1mA"; VariantName = "[No Variations]"
Add component (AddParameter): Name = "Device Package"; Value = "8-SOIC (0.154", 3.90mm Width)"; VariantName = "[No Variations]"
Add component (AddParameter): Name = "Gain Bandwidth Product"; Value = "700kHz"; VariantName = "[No Variations]"
Add component (AddParameter): Name = "LastUpdated"; Value = "9/01/2020 2:06:28 AM"; VariantName = "[No Variations]"
Add component (AddParameter): Name = "Lifecycle Status"; Value = "Active"; VariantName = "[No Variations]"
Add component (AddParameter): Name = "Manufacturer"; Value = "Texas Instruments"; VariantName = "[No Variations]"
Add component (AddParameter): Name = "Minimum Order"; Value = "1"; VariantName = "[No Variations]"
Add component (AddParameter): Name = "Mounting Type"; Value = "Surface Mount"; VariantName = "[No Variations]"
Add component (AddParameter): Name = "Number of Circuits"; Value = "2"; VariantName = "[No Variations]"
Add component (AddParameter): Name = "Operating Temperature"; Value = "-40°C ~ 125°C"; VariantName = "[No Variations]"
Add component (AddParameter): Name = "Package / Case"; Value = "8-SOIC (0.154", 3.90mm Width)"; VariantName = "[No Variations]"
Add component (AddParameter): Name = "Packaging"; Value = "ReReel"; VariantName = "[No Variations]"
Add component (AddParameter): Name = "Part Number"; Value = "LM2904DR"; VariantName = "[No Variations]"
Add component (AddParameter): Name = "Part Status"; Value = "Active"; VariantName = "[No Variations]"
Add component (AddParameter): Name = "PartId"; Value = "4"; VariantName = "[No Variations]"
Add component (AddParameter): Name = "Price"; Value = "0.00"; VariantName = "[No Variations]"
Add component (AddParameter): Name = "Series"; Value = "-"; VariantName = "[No Variations]"
Add component (AddParameter): Name = "Slew Rate"; Value = "0.3V/µs"; VariantName = "[No Variations]"
Add component (AddParameter): Name = "Supplier 1"; Value = "DigiKey"; VariantName = "[No Variations]"
Add component (AddParameter): Name = "Supplier Device Package"; Value = "8-SOIC"; VariantName = "[No Variations]"
Add component (AddParameter): Name = "Supplier Part Number 1"; Value = "296-14596-1-ND"; VariantName = "[No Variations]"
Add component (AddParameter): Name = "Voltage - Input Offset"; Value = "3mV"; VariantName = "[No Variations]"
Add component (AddParameter): Name = "Voltage - Supply, Single/Dual (±)"; Value = "3V ~ 26V, ±1.5V ~ 13V"; VariantName = "[No Variations]"
Added Component: Designator=IC5(TI SOIC-8 D)
Add component (AddParameter): Name = "Amplifier Type"; Value = "General Purpose"; VariantName = "[No Variations]"
Add component (AddParameter): Name = "ComponentLink1Description"; Value = "Datasheet"; VariantName = "[No Variations]"
Add component (AddParameter): Name = "ComponentLink1URL"; Value = "http://www.ti.com/general/docs/suppproductinfo.tsp?distId=10&gotoUrl=http%3A%2F%2Fwww.ti.com%2Flit%2Fgpn%2Flm258a"; VariantName = "[No Variations]"
Add component (AddParameter): Name = "ComponentLink2Description"; Value = "DigiKey Link"; VariantName = "[No Variations]"
Add component (AddParameter): Name = "ComponentLink2URL"; Value = "http://digikey.com/product-detail/en/texas-instruments/LM2904DR/296-14596-1-ND/555533"; VariantName = "[No Variations]"
Add component (AddParameter): Name = "Current - Input Bias"; Value = "20nA"; VariantName = "[No Variations]"
Add component (AddParameter): Name = "Current - Output / Channel"; Value = "30mA"; VariantName = "[No Variations]"
Add component (AddParameter): Name = "Current - Supply"; Value = "1mA"; VariantName = "[No Variations]"
Add component (AddParameter): Name = "Device Package"; Value = "8-SOIC (0.154", 3.90mm Width)"; VariantName = "[No Variations]"
Add component (AddParameter): Name = "Gain Bandwidth Product"; Value = "700kHz"; VariantName = "[No Variations]"
Add component (AddParameter): Name = "LastUpdated"; Value = "9/01/2020 2:06:28 AM"; VariantName = "[No Variations]"
Add component (AddParameter): Name = "Lifecycle Status"; Value = "Active"; VariantName = "[No Variations]"
Add component (AddParameter): Name = "Manufacturer"; Value = "Texas Instruments"; VariantName = "[No Variations]"
Add component (AddParameter): Name = "Minimum Order"; Value = "1"; VariantName = "[No Variations]"
Add component (AddParameter): Name = "Mounting Type"; Value = "Surface Mount"; VariantName = "[No Variations]"
Add component (AddParameter): Name = "Number of Circuits"; Value = "2"; VariantName = "[No Variations]"
Add component (AddParameter): Name = "Operating Temperature"; Value = "-40°C ~ 125°C"; VariantName = "[No Variations]"
Add component (AddParameter): Name = "Package / Case"; Value = "8-SOIC (0.154", 3.90mm Width)"; VariantName = "[No Variations]"
Add component (AddParameter): Name = "Packaging"; Value = "ReReel"; VariantName = "[No Variations]"
Add component (AddParameter): Name = "Part Number"; Value = "LM2904DR"; VariantName = "[No Variations]"
Add component (AddParameter): Name = "Part Status"; Value = "Active"; VariantName = "[No Variations]"
Add component (AddParameter): Name = "PartId"; Value = "4"; VariantName = "[No Variations]"
Add component (AddParameter): Name = "Price"; Value = "0.00"; VariantName = "[No Variations]"
Add component (AddParameter): Name = "Series"; Value = "-"; VariantName = "[No Variations]"
Add component (AddParameter): Name = "Slew Rate"; Value = "0.3V/µs"; VariantName = "[No Variations]"
Add component (AddParameter): Name = "Supplier 1"; Value = "DigiKey"; VariantName = "[No Variations]"
Add component (AddParameter): Name = "Supplier Device Package"; Value = "8-SOIC"; VariantName = "[No Variations]"
Add component (AddParameter): Name = "Supplier Part Number 1"; Value = "296-14596-1-ND"; VariantName = "[No Variations]"
Add component (AddParameter): Name = "Voltage - Input Offset"; Value = "3mV"; VariantName = "[No Variations]"
Add component (AddParameter): Name = "Voltage - Supply, Single/Dual (±)"; Value = "3V ~ 26V, ±1.5V ~ 13V"; VariantName = "[No Variations]"
Added Component: Designator=IC6(TI VSSOP-8 DGK)
Add component (AddParameter): Name = "Part Number"; Value = "DAC081S101CIMM/NOPB"; VariantName = "[No Variations]"
Added Component: Designator=IC7(ANALOG SOT-23-8 RJ-8)
Add component (AddParameter): Name = "ComponentLink1Description"; Value = "Datasheet"; VariantName = "[No Variations]"
Add component (AddParameter): Name = "ComponentLink1URL"; Value = "https://www.analog.com/media/en/technical-documentation/data-sheets/AD5160.pdf"; VariantName = "[No Variations]"
Add component (AddParameter): Name = "ComponentLink2Description"; Value = "DigiKey Link"; VariantName = "[No Variations]"
Add component (AddParameter): Name = "ComponentLink2URL"; Value = "http://digikey.com/product-detail/en/analog-devices-inc/AD5160BRJZ100-R2/AD5160BRJZ100-R2CT-ND/751230"; VariantName = "[No Variations]"
Add component (AddParameter): Name = "Configuration"; Value = "Potentiometer"; VariantName = "[No Variations]"
Add component (AddParameter): Name = "Interface"; Value = "SPI"; VariantName = "[No Variations]"
Add component (AddParameter): Name = "LastUpdated"; Value = "3/06/2024 8:26:31 PM"; VariantName = "[No Variations]"
Add component (AddParameter): Name = "Lifecycle Status"; Value = "Active"; VariantName = "[No Variations]"
Add component (AddParameter): Name = "Manufacturer"; Value = "Analog Devices Inc."; VariantName = "[No Variations]"
Add component (AddParameter): Name = "Memory Type"; Value = "Volatile"; VariantName = "[No Variations]"
Add component (AddParameter): Name = "Minimum Order"; Value = "1"; VariantName = "[No Variations]"
Add component (AddParameter): Name = "Number of Circuits"; Value = "1"; VariantName = "[No Variations]"
Add component (AddParameter): Name = "Number of Taps"; Value = "256"; VariantName = "[No Variations]"
Add component (AddParameter): Name = "Operating Temperature"; Value = "-40°C ~ 125°C"; VariantName = "[No Variations]"
Add component (AddParameter): Name = "Package / Case"; Value = "SOT-23-8"; VariantName = "[No Variations]"
Add component (AddParameter): Name = "Packaging"; Value = "TapeAndReel"; VariantName = "[No Variations]"
Add component (AddParameter): Name = "Part Number"; Value = "AD5160BRJZ100-R2"; VariantName = "[No Variations]"
Add component (AddParameter): Name = "Part Status"; Value = "Active"; VariantName = "[No Variations]"
Add component (AddParameter): Name = "PartId"; Value = "39"; VariantName = "[No Variations]"
Add component (AddParameter): Name = "Price"; Value = "1.68"; VariantName = "[No Variations]"
Add component (AddParameter): Name = "Resistance (Ohms)"; Value = "100k"; VariantName = "[No Variations]"
Add component (AddParameter): Name = "Resistance - Wiper (Ohms) (Typ)"; Value = "50"; VariantName = "[No Variations]"
Add component (AddParameter): Name = "Series"; Value = "-"; VariantName = "[No Variations]"
Add component (AddParameter): Name = "Supplier 1"; Value = "DigiKey"; VariantName = "[No Variations]"
Add component (AddParameter): Name = "Supplier Device Package"; Value = "SOT-23-8"; VariantName = "[No Variations]"
Add component (AddParameter): Name = "Supplier Part Number 1"; Value = "AD5160BRJZ100-R2CT-ND"; VariantName = "[No Variations]"
Add component (AddParameter): Name = "Taper"; Value = "Linear"; VariantName = "[No Variations]"
Add component (AddParameter): Name = "Temperature Coefficient (Typ)"; Value = "45ppm/°C"; VariantName = "[No Variations]"
Add component (AddParameter): Name = "Tolerance"; Value = "±15%"; VariantName = "[No Variations]"
Add component (AddParameter): Name = "Voltage - Supply"; Value = "2.7V ~ 5.5V"; VariantName = "[No Variations]"
Added Component: Designator=IC8(TI VSSOP-8 DGK)
Add component (AddParameter): Name = "Part Number"; Value = "DAC081S101CIMM/NOPB"; VariantName = "[No Variations]"
Added Component: Designator=IC11(ANALOG SOT-23-8 RJ-8)
Add component (AddParameter): Name = "ComponentLink1Description"; Value = "Datasheet"; VariantName = "[No Variations]"
Add component (AddParameter): Name = "ComponentLink1URL"; Value = "https://www.analog.com/media/en/technical-documentation/data-sheets/AD5160.pdf"; VariantName = "[No Variations]"
Add component (AddParameter): Name = "ComponentLink2Description"; Value = "DigiKey Link"; VariantName = "[No Variations]"
Add component (AddParameter): Name = "ComponentLink2URL"; Value = "http://digikey.com/product-detail/en/analog-devices-inc/AD5160BRJZ100-R2/AD5160BRJZ100-R2CT-ND/751230"; VariantName = "[No Variations]"
Add component (AddParameter): Name = "Configuration"; Value = "Potentiometer"; VariantName = "[No Variations]"
Add component (AddParameter): Name = "Interface"; Value = "SPI"; VariantName = "[No Variations]"
Add component (AddParameter): Name = "LastUpdated"; Value = "3/06/2024 8:26:31 PM"; VariantName = "[No Variations]"
Add component (AddParameter): Name = "Lifecycle Status"; Value = "Active"; VariantName = "[No Variations]"
Add component (AddParameter): Name = "Manufacturer"; Value = "Analog Devices Inc."; VariantName = "[No Variations]"
Add component (AddParameter): Name = "Memory Type"; Value = "Volatile"; VariantName = "[No Variations]"
Add component (AddParameter): Name = "Minimum Order"; Value = "1"; VariantName = "[No Variations]"
Add component (AddParameter): Name = "Number of Circuits"; Value = "1"; VariantName = "[No Variations]"
Add component (AddParameter): Name = "Number of Taps"; Value = "256"; VariantName = "[No Variations]"
Add component (AddParameter): Name = "Operating Temperature"; Value = "-40°C ~ 125°C"; VariantName = "[No Variations]"
Add component (AddParameter): Name = "Package / Case"; Value = "SOT-23-8"; VariantName = "[No Variations]"
Add component (AddParameter): Name = "Packaging"; Value = "TapeAndReel"; VariantName = "[No Variations]"
Add component (AddParameter): Name = "Part Number"; Value = "AD5160BRJZ100-R2"; VariantName = "[No Variations]"
Add component (AddParameter): Name = "Part Status"; Value = "Active"; VariantName = "[No Variations]"
Add component (AddParameter): Name = "PartId"; Value = "39"; VariantName = "[No Variations]"
Add component (AddParameter): Name = "Price"; Value = "1.68"; VariantName = "[No Variations]"
Add component (AddParameter): Name = "Resistance (Ohms)"; Value = "100k"; VariantName = "[No Variations]"
Add component (AddParameter): Name = "Resistance - Wiper (Ohms) (Typ)"; Value = "50"; VariantName = "[No Variations]"
Add component (AddParameter): Name = "Series"; Value = "-"; VariantName = "[No Variations]"
Add component (AddParameter): Name = "Supplier 1"; Value = "DigiKey"; VariantName = "[No Variations]"
Add component (AddParameter): Name = "Supplier Device Package"; Value = "SOT-23-8"; VariantName = "[No Variations]"
Add component (AddParameter): Name = "Supplier Part Number 1"; Value = "AD5160BRJZ100-R2CT-ND"; VariantName = "[No Variations]"
Add component (AddParameter): Name = "Taper"; Value = "Linear"; VariantName = "[No Variations]"
Add component (AddParameter): Name = "Temperature Coefficient (Typ)"; Value = "45ppm/°C"; VariantName = "[No Variations]"
Add component (AddParameter): Name = "Tolerance"; Value = "±15%"; VariantName = "[No Variations]"
Add component (AddParameter): Name = "Voltage - Supply"; Value = "2.7V ~ 5.5V"; VariantName = "[No Variations]"
Added Component: Designator=J1(MOLEX 1053131106)
Add component (AddParameter): Name = "ComponentLink1Description"; Value = "Datasheet"; VariantName = "[No Variations]"
Add component (AddParameter): Name = "ComponentLink1URL"; Value = "https://www.molex.com/pdm_docs/ps/PS-105300-100-001.pdf"; VariantName = "[No Variations]"
Add component (AddParameter): Name = "ComponentLink2Description"; Value = "DigiKey Link"; VariantName = "[No Variations]"
Add component (AddParameter): Name = "ComponentLink2URL"; Value = "https://www.digikey.com/en/products/detail/molex/1053131106/7693178"; VariantName = "[No Variations]"
Add component (AddParameter): Name = "Connector Type"; Value = "Header"; VariantName = "[No Variations]"
Add component (AddParameter): Name = "Contact Finish - Mating"; Value = "Tin"; VariantName = "[No Variations]"
Add component (AddParameter): Name = "Contact Finish - Post"; Value = "Tin"; VariantName = "[No Variations]"
Add component (AddParameter): Name = "Contact Finish Thickness - Mating"; Value = "59.0µin (1.50µm)"; VariantName = "[No Variations]"
Add component (AddParameter): Name = "Contact Length - Post"; Value = "0.126" (3.20mm)"; VariantName = "[No Variations]"
Add component (AddParameter): Name = "Contact Material"; Value = "Brass"; VariantName = "[No Variations]"
Add component (AddParameter): Name = "Contact Shape"; Value = "Square"; VariantName = "[No Variations]"
Add component (AddParameter): Name = "Contact Type"; Value = "Male Pin"; VariantName = "[No Variations]"
Add component (AddParameter): Name = "Fastening Type"; Value = "Latch Holder"; VariantName = "[No Variations]"
Add component (AddParameter): Name = "Features"; Value = "Board Guide"; VariantName = "[No Variations]"
Add component (AddParameter): Name = "Insulation Color"; Value = "Black"; VariantName = "[No Variations]"
Add component (AddParameter): Name = "Insulation Height"; Value = "0.149" (3.78mm)"; VariantName = "[No Variations]"
Add component (AddParameter): Name = "Insulation Material"; Value = "Liquid Crystal Polymer (LCP)"; VariantName = "[No Variations]"
Add component (AddParameter): Name = "LastUpdated"; Value = "11/08/2022 9:49:49 AM"; VariantName = "[No Variations]"
Add component (AddParameter): Name = "Lifecycle Status"; Value = "Active"; VariantName = "[No Variations]"
Add component (AddParameter): Name = "Manufacturer"; Value = "Molex"; VariantName = "[No Variations]"
Add component (AddParameter): Name = "Minimum Order"; Value = "1"; VariantName = "[No Variations]"
Add component (AddParameter): Name = "Mounting Type"; Value = "Through Hole, Right Angle"; VariantName = "[No Variations]"
Add component (AddParameter): Name = "Number of Positions"; Value = "6"; VariantName = "[No Variations]"
Add component (AddParameter): Name = "Number of Positions Loaded"; Value = "All"; VariantName = "[No Variations]"
Add component (AddParameter): Name = "Number of Rows"; Value = "1"; VariantName = "[No Variations]"
Add component (AddParameter): Name = "Operating Temperature"; Value = "-40°C ~ 105°C"; VariantName = "[No Variations]"
Add component (AddParameter): Name = "Packaging"; Value = "Tray"; VariantName = "[No Variations]"
Add component (AddParameter): Name = "Part Number"; Value = "1053131106"; VariantName = "[No Variations]"
Add component (AddParameter): Name = "Part Status"; Value = "Active"; VariantName = "[No Variations]"
Add component (AddParameter): Name = "PartId"; Value = "145"; VariantName = "[No Variations]"
Add component (AddParameter): Name = "Pitch - Mating"; Value = "0.098" (2.50mm)"; VariantName = "[No Variations]"
Add component (AddParameter): Name = "Price"; Value = "0.75"; VariantName = "[No Variations]"
Add component (AddParameter): Name = "Row Spacing - Mating"; Value = "-40°C ~ 105°C"; VariantName = "[No Variations]"
Add component (AddParameter): Name = "Series"; Value = "Nano-Fit 105313"; VariantName = "[No Variations]"
Add component (AddParameter): Name = "Shrouding"; Value = "Shrouded - 4 Wall"; VariantName = "[No Variations]"
Add component (AddParameter): Name = "Style"; Value = "Board to Cable/Wire"; VariantName = "[No Variations]"
Add component (AddParameter): Name = "Supplier 1"; Value = "DigiKey"; VariantName = "[No Variations]"
Add component (AddParameter): Name = "Supplier Part Number 1"; Value = "WM16897-ND"; VariantName = "[No Variations]"
Add component (AddParameter): Name = "Termination"; Value = "Solder"; VariantName = "[No Variations]"
Added Component: Designator=J2(CUI PJ-102AH)
Add component (AddParameter): Name = "Actual Diameter"; Value = "0.079" (2.00mm ID), 0.256" (6.50mm OD)"; VariantName = "[No Variations]"
Add component (AddParameter): Name = "ComponentLink1Description"; Value = "Datasheet"; VariantName = "[No Variations]"
Add component (AddParameter): Name = "ComponentLink1URL"; Value = "https://www.cuidevices.com/product/resource/digikeypdf/pj-102ah.pdf"; VariantName = "[No Variations]"
Add component (AddParameter): Name = "ComponentLink2Description"; Value = "DigiKey Link"; VariantName = "[No Variations]"
Add component (AddParameter): Name = "ComponentLink2URL"; Value = "//digikey.com/product-detail/en/cui-devices/PJ-102AH/CP-102AH-ND/408448"; VariantName = "[No Variations]"
Add component (AddParameter): Name = "Connector Type"; Value = "Jack"; VariantName = "[No Variations]"
Add component (AddParameter): Name = "Current Rating (Amps)"; Value = "5A"; VariantName = "[No Variations]"
Add component (AddParameter): Name = "Gender"; Value = "Male"; VariantName = "[No Variations]"
Add component (AddParameter): Name = "Industry Recognized Mating Diameter"; Value = "2.00mm ID (0.079"), 5.50mm OD (0.217")"; VariantName = "[No Variations]"
Add component (AddParameter): Name = "Internal Switch(s)"; Value = "Single Switch, Normally Closed"; VariantName = "[No Variations]"
Add component (AddParameter): Name = "LastUpdated"; Value = "16/12/2019 7:01:27 PM"; VariantName = "[No Variations]"
Add component (AddParameter): Name = "Lifecycle Status"; Value = "0"; VariantName = "[No Variations]"
Add component (AddParameter): Name = "Manufacturer"; Value = "CUI Devices"; VariantName = "[No Variations]"
Add component (AddParameter): Name = "Material Flammability Rating"; Value = "UL94 V-0"; VariantName = "[No Variations]"
Add component (AddParameter): Name = "Mating Length/Depth"; Value = "0.354" (9.00mm)"; VariantName = "[No Variations]"
Add component (AddParameter): Name = "Minimum Order"; Value = "1"; VariantName = "[No Variations]"
Add component (AddParameter): Name = "Mounting Type"; Value = "Through Hole, Right Angle"; VariantName = "[No Variations]"
Add component (AddParameter): Name = "Number of Positions/Contacts"; Value = "2 Conductors, 3 Contacts"; VariantName = "[No Variations]"
Add component (AddParameter): Name = "Packaging"; Value = "Tray"; VariantName = "[No Variations]"
Add component (AddParameter): Name = "Part Number"; Value = "PJ-102AH"; VariantName = "[No Variations]"
Add component (AddParameter): Name = "Part Status"; Value = "Active"; VariantName = "[No Variations]"
Add component (AddParameter): Name = "Price"; Value = "0.76"; VariantName = "[No Variations]"
Add component (AddParameter): Name = "Series"; Value = "-"; VariantName = "[No Variations]"
Add component (AddParameter): Name = "Shielding"; Value = "Unshielded"; VariantName = "[No Variations]"
Add component (AddParameter): Name = "Supplier 1"; Value = "DigiKey"; VariantName = "[No Variations]"
Add component (AddParameter): Name = "Supplier Part Number 1"; Value = "CP-102AH-ND"; VariantName = "[No Variations]"
Add component (AddParameter): Name = "Termination"; Value = "Solder"; VariantName = "[No Variations]"
Add component (AddParameter): Name = "Voltage - Rated"; Value = "24VDC"; VariantName = "[No Variations]"
Added Component: Designator=J3(DIP787W45P254L3556H508Q28)
Add component (AddParameter): Name = "Check_prices"; Value = "https://www.snapeda.com/parts/PIC18F24J11-I/SP/Microchip/view-part/?ref=eda"; VariantName = "[No Variations]"
Add component (AddParameter): Name = "MF"; Value = "Microchip"; VariantName = "[No Variations]"
Add component (AddParameter): Name = "MP"; Value = "PIC18F24J11-I/SP"; VariantName = "[No Variations]"
Add component (AddParameter): Name = "Package"; Value = "SPDIP-28 Microchip"; VariantName = "[No Variations]"
Add component (AddParameter): Name = "SnapEDA_Link"; Value = "https://www.snapeda.com/parts/PIC18F24J11-I/SP/Microchip/view-part/?ref=snap"; VariantName = "[No Variations]"
Add component (AddParameter): Name = "Value"; Value = ""; VariantName = "[No Variations]"
Added Component: Designator=J5(LPRS_SMA_CONNECTOR)
Add component (AddParameter): Name = "Availability"; Value = "Unavailable"; VariantName = "[No Variations]"
Add component (AddParameter): Name = "MF"; Value = ""; VariantName = "[No Variations]"
Add component (AddParameter): Name = "MP"; Value = "altium_native_batch"; VariantName = "[No Variations]"
Add component (AddParameter): Name = "Package"; Value = "None"; VariantName = "[No Variations]"
Add component (AddParameter): Name = "Price"; Value = "None"; VariantName = "[No Variations]"
Add component (AddParameter): Name = "Value"; Value = ""; VariantName = "[No Variations]"
Added Component: Designator=J6(LPRS_SMA_CONNECTOR)
Add component (AddParameter): Name = "Availability"; Value = "Unavailable"; VariantName = "[No Variations]"
Add component (AddParameter): Name = "MF"; Value = ""; VariantName = "[No Variations]"
Add component (AddParameter): Name = "MP"; Value = "altium_native_batch"; VariantName = "[No Variations]"
Add component (AddParameter): Name = "Package"; Value = "None"; VariantName = "[No Variations]"
Add component (AddParameter): Name = "Price"; Value = "None"; VariantName = "[No Variations]"
Add component (AddParameter): Name = "Value"; Value = ""; VariantName = "[No Variations]"
Added Component: Designator=P1(HDR1X2)
Add component (AddParameter): Name = "LatestRevisionDate"; Value = "17-Jul-2002"; VariantName = "[No Variations]"
Add component (AddParameter): Name = "LatestRevisionNote"; Value = "Re-released for DXP Platform."; VariantName = "[No Variations]"
Add component (AddParameter): Name = "Publisher"; Value = "Altium Limited"; VariantName = "[No Variations]"
Added Component: Designator=P2(HDR1X2)
Add component (AddParameter): Name = "LatestRevisionDate"; Value = "17-Jul-2002"; VariantName = "[No Variations]"
Add component (AddParameter): Name = "LatestRevisionNote"; Value = "Re-released for DXP Platform."; VariantName = "[No Variations]"
Add component (AddParameter): Name = "Publisher"; Value = "Altium Limited"; VariantName = "[No Variations]"
Added Component: Designator=P3(HDR1X2)
Add component (AddParameter): Name = "LatestRevisionDate"; Value = "17-Jul-2002"; VariantName = "[No Variations]"
Add component (AddParameter): Name = "LatestRevisionNote"; Value = "Re-released for DXP Platform."; VariantName = "[No Variations]"
Add component (AddParameter): Name = "Publisher"; Value = "Altium Limited"; VariantName = "[No Variations]"
Added Component: Designator=R1(RES 1210_3225)
Add component (AddParameter): Name = "ComponentLink1Description"; Value = "Datasheet"; VariantName = "[No Variations]"
Add component (AddParameter): Name = "ComponentLink1URL"; Value = "http://www.vishay.com/docs/20035/dcrcwe3.pdf"; VariantName = "[No Variations]"
Add component (AddParameter): Name = "ComponentLink2Description"; Value = "DigiKey Link"; VariantName = "[No Variations]"
Add component (AddParameter): Name = "ComponentLink2URL"; Value = "https://www.digikey.com/en/products/detail/vishay-dale/CRCW1210715RFKEA/1177340"; VariantName = "[No Variations]"
Add component (AddParameter): Name = "Composition"; Value = "Thick Film"; VariantName = "[No Variations]"
Add component (AddParameter): Name = "Device Package"; Value = "1210 (3225 Metric)"; VariantName = "[No Variations]"
Add component (AddParameter): Name = "Features"; Value = "Automotive AEC-Q200"; VariantName = "[No Variations]"
Add component (AddParameter): Name = "Height - Seated (Max)"; Value = "0.024" (0.60mm)"; VariantName = "[No Variations]"
Add component (AddParameter): Name = "LastUpdated"; Value = "8/02/2024 9:49:36 PM"; VariantName = "[No Variations]"
Add component (AddParameter): Name = "Lifecycle Status"; Value = "Active"; VariantName = "[No Variations]"
Add component (AddParameter): Name = "Manufacturer"; Value = "Vishay Dale"; VariantName = "[No Variations]"
Add component (AddParameter): Name = "Minimum Order"; Value = "1"; VariantName = "[No Variations]"
Add component (AddParameter): Name = "Number of Terminations"; Value = "2"; VariantName = "[No Variations]"
Add component (AddParameter): Name = "Operating Temperature"; Value = "-55°C ~ 155°C"; VariantName = "[No Variations]"
Add component (AddParameter): Name = "Package / Case"; Value = "1210 (3225 Metric)"; VariantName = "[No Variations]"
Add component (AddParameter): Name = "Packaging"; Value = "TapeAndReel"; VariantName = "[No Variations]"
Add component (AddParameter): Name = "Part Number"; Value = "CRCW1210715RFKEA"; VariantName = "[No Variations]"
Add component (AddParameter): Name = "Part Status"; Value = "Active"; VariantName = "[No Variations]"
Add component (AddParameter): Name = "Power (Watts)"; Value = "0.5W, 1/2W"; VariantName = "[No Variations]"
Add component (AddParameter): Name = "Price"; Value = "0.02"; VariantName = "[No Variations]"
Add component (AddParameter): Name = "Ratings"; Value = "AEC-Q200"; VariantName = "[No Variations]"
Add component (AddParameter): Name = "Resistance"; Value = "715 Ohms"; VariantName = "[No Variations]"
Add component (AddParameter): Name = "Series"; Value = "CRCW"; VariantName = "[No Variations]"
Add component (AddParameter): Name = "Size / Dimension"; Value = "0.126" L x 0.098" W (3.20mm x 2.50mm)"; VariantName = "[No Variations]"
Add component (AddParameter): Name = "Supplier 1"; Value = "DigiKey"; VariantName = "[No Variations]"
Add component (AddParameter): Name = "Supplier Device Package"; Value = "1210"; VariantName = "[No Variations]"
Add component (AddParameter): Name = "Supplier Part Number 1"; Value = "541-715AACT-ND"; VariantName = "[No Variations]"
Add component (AddParameter): Name = "Temperature Coefficient"; Value = "±100ppm/°C"; VariantName = "[No Variations]"
Add component (AddParameter): Name = "Tolerance"; Value = "±1%"; VariantName = "[No Variations]"
Add component (AddParameter): Name = "Value"; Value = "715 Ohms"; VariantName = "[No Variations]"
Added Component: Designator=R2(RES 1210_3225)
Add component (AddParameter): Name = "ComponentLink1Description"; Value = "Datasheet"; VariantName = "[No Variations]"
Add component (AddParameter): Name = "ComponentLink1URL"; Value = "https://industrial.panasonic.com/cdbs/www-data/pdf/RDO0000/AOA0000C331.pdf"; VariantName = "[No Variations]"
Add component (AddParameter): Name = "ComponentLink2Description"; Value = "DigiKey Link"; VariantName = "[No Variations]"
Add component (AddParameter): Name = "ComponentLink2URL"; Value = "https://www.digikey.com/en/products/detail/panasonic-electronic-components/ERJ-P14D1002U/3982725"; VariantName = "[No Variations]"
Add component (AddParameter): Name = "Composition"; Value = "Thick Film"; VariantName = "[No Variations]"
Add component (AddParameter): Name = "Device Package"; Value = "1210 (3225 Metric)"; VariantName = "[No Variations]"
Add component (AddParameter): Name = "Features"; Value = "Automotive AEC-Q200, Pulse Withstanding"; VariantName = "[No Variations]"
Add component (AddParameter): Name = "Height - Seated (Max)"; Value = "0.028" (0.70mm)"; VariantName = "[No Variations]"
Add component (AddParameter): Name = "LastUpdated"; Value = "8/02/2024 9:49:31 PM"; VariantName = "[No Variations]"
Add component (AddParameter): Name = "Lifecycle Status"; Value = "Active"; VariantName = "[No Variations]"
Add component (AddParameter): Name = "Manufacturer"; Value = "Panasonic Electronic Components"; VariantName = "[No Variations]"
Add component (AddParameter): Name = "Minimum Order"; Value = "1"; VariantName = "[No Variations]"
Add component (AddParameter): Name = "Number of Terminations"; Value = "2"; VariantName = "[No Variations]"
Add component (AddParameter): Name = "Operating Temperature"; Value = "-55°C ~ 155°C"; VariantName = "[No Variations]"
Add component (AddParameter): Name = "Package / Case"; Value = "1210 (3225 Metric)"; VariantName = "[No Variations]"
Add component (AddParameter): Name = "Packaging"; Value = "TapeAndReel"; VariantName = "[No Variations]"
Add component (AddParameter): Name = "Part Number"; Value = "ERJ-P14D1002U"; VariantName = "[No Variations]"
Add component (AddParameter): Name = "Part Status"; Value = "Active"; VariantName = "[No Variations]"
Add component (AddParameter): Name = "Power (Watts)"; Value = "0.5W, 1/2W"; VariantName = "[No Variations]"
Add component (AddParameter): Name = "Price"; Value = "0.07"; VariantName = "[No Variations]"
Add component (AddParameter): Name = "Ratings"; Value = "AEC-Q200"; VariantName = "[No Variations]"
Add component (AddParameter): Name = "Resistance"; Value = "10 kOhms"; VariantName = "[No Variations]"
Add component (AddParameter): Name = "Series"; Value = "ERJ-P14"; VariantName = "[No Variations]"
Add component (AddParameter): Name = "Size / Dimension"; Value = "0.126" L x 0.098" W (3.20mm x 2.50mm)"; VariantName = "[No Variations]"
Add component (AddParameter): Name = "Supplier 1"; Value = "DigiKey"; VariantName = "[No Variations]"
Add component (AddParameter): Name = "Supplier Device Package"; Value = "1210"; VariantName = "[No Variations]"
Add component (AddParameter): Name = "Supplier Part Number 1"; Value = "P16083CT-ND"; VariantName = "[No Variations]"
Add component (AddParameter): Name = "Temperature Coefficient"; Value = "±100ppm/°C"; VariantName = "[No Variations]"
Add component (AddParameter): Name = "Tolerance"; Value = "±0.5%"; VariantName = "[No Variations]"
Add component (AddParameter): Name = "Value"; Value = "10 kOhms"; VariantName = "[No Variations]"
Added Component: Designator=R3(RES 1210_3225)
Add component (AddParameter): Name = "ComponentLink1Description"; Value = "Datasheet"; VariantName = "[No Variations]"
Add component (AddParameter): Name = "ComponentLink1URL"; Value = "https://industrial.panasonic.com/cdbs/www-data/pdf/RDA0000/AOA0000C304.pdf"; VariantName = "[No Variations]"
Add component (AddParameter): Name = "ComponentLink2Description"; Value = "DigiKey Link"; VariantName = "[No Variations]"
Add component (AddParameter): Name = "ComponentLink2URL"; Value = "https://www.digikey.com/en/products/detail/panasonic-electronic-components/ERJ-14NF1271U/383860"; VariantName = "[No Variations]"
Add component (AddParameter): Name = "Composition"; Value = "Thick Film"; VariantName = "[No Variations]"
Add component (AddParameter): Name = "Device Package"; Value = "1210 (3225 Metric)"; VariantName = "[No Variations]"
Add component (AddParameter): Name = "Features"; Value = "Automotive AEC-Q200"; VariantName = "[No Variations]"
Add component (AddParameter): Name = "Height - Seated (Max)"; Value = "0.028" (0.70mm)"; VariantName = "[No Variations]"
Add component (AddParameter): Name = "LastUpdated"; Value = "8/02/2024 9:49:38 PM"; VariantName = "[No Variations]"
Add component (AddParameter): Name = "Lifecycle Status"; Value = "Active"; VariantName = "[No Variations]"
Add component (AddParameter): Name = "Manufacturer"; Value = "Panasonic Electronic Components"; VariantName = "[No Variations]"
Add component (AddParameter): Name = "Minimum Order"; Value = "1"; VariantName = "[No Variations]"
Add component (AddParameter): Name = "Number of Terminations"; Value = "2"; VariantName = "[No Variations]"
Add component (AddParameter): Name = "Operating Temperature"; Value = "-55°C ~ 155°C"; VariantName = "[No Variations]"
Add component (AddParameter): Name = "Package / Case"; Value = "1210 (3225 Metric)"; VariantName = "[No Variations]"
Add component (AddParameter): Name = "Packaging"; Value = "TapeAndReel"; VariantName = "[No Variations]"
Add component (AddParameter): Name = "Part Number"; Value = "ERJ-14NF1271U"; VariantName = "[No Variations]"
Add component (AddParameter): Name = "Part Status"; Value = "Active"; VariantName = "[No Variations]"
Add component (AddParameter): Name = "Power (Watts)"; Value = "0.5W, 1/2W"; VariantName = "[No Variations]"
Add component (AddParameter): Name = "Price"; Value = "0.03"; VariantName = "[No Variations]"
Add component (AddParameter): Name = "Ratings"; Value = "AEC-Q200"; VariantName = "[No Variations]"
Add component (AddParameter): Name = "Resistance"; Value = "1.27 kOhms"; VariantName = "[No Variations]"
Add component (AddParameter): Name = "Series"; Value = "ERJ-14N"; VariantName = "[No Variations]"
Add component (AddParameter): Name = "Size / Dimension"; Value = "0.126" L x 0.098" W (3.20mm x 2.50mm)"; VariantName = "[No Variations]"
Add component (AddParameter): Name = "Supplier 1"; Value = "DigiKey"; VariantName = "[No Variations]"
Add component (AddParameter): Name = "Supplier Device Package"; Value = "1210"; VariantName = "[No Variations]"
Add component (AddParameter): Name = "Supplier Part Number 1"; Value = "P1.27KAACT-ND"; VariantName = "[No Variations]"
Add component (AddParameter): Name = "Temperature Coefficient"; Value = "±100ppm/°C"; VariantName = "[No Variations]"
Add component (AddParameter): Name = "Tolerance"; Value = "±1%"; VariantName = "[No Variations]"
Add component (AddParameter): Name = "Value"; Value = "1.27 kOhms"; VariantName = "[No Variations]"
Added Component: Designator=R4(RES 1210_3225)
Add component (AddParameter): Name = "ComponentLink1Description"; Value = "Datasheet"; VariantName = "[No Variations]"
Add component (AddParameter): Name = "ComponentLink1URL"; Value = "https://www.yageo.com/upload/media/product/productsearch/datasheet/rchip/PYu-RC_Group_51_RoHS_L_11.pdf"; VariantName = "[No Variations]"
Add component (AddParameter): Name = "ComponentLink2Description"; Value = "DigiKey Link"; VariantName = "[No Variations]"
Add component (AddParameter): Name = "ComponentLink2URL"; Value = "https://www.digikey.com/en/products/detail/yageo/RC1210JR-072KL/5919910"; VariantName = "[No Variations]"
Add component (AddParameter): Name = "Composition"; Value = "Thick Film"; VariantName = "[No Variations]"
Add component (AddParameter): Name = "Device Package"; Value = "1210 (3225 Metric)"; VariantName = "[No Variations]"
Add component (AddParameter): Name = "Features"; Value = "Moisture Resistant"; VariantName = "[No Variations]"
Add component (AddParameter): Name = "Height - Seated (Max)"; Value = "0.024" (0.60mm)"; VariantName = "[No Variations]"
Add component (AddParameter): Name = "LastUpdated"; Value = "8/02/2024 9:49:20 PM"; VariantName = "[No Variations]"
Add component (AddParameter): Name = "Lifecycle Status"; Value = "Active"; VariantName = "[No Variations]"
Add component (AddParameter): Name = "Manufacturer"; Value = "Yageo"; VariantName = "[No Variations]"
Add component (AddParameter): Name = "Minimum Order"; Value = "1"; VariantName = "[No Variations]"
Add component (AddParameter): Name = "Number of Terminations"; Value = "2"; VariantName = "[No Variations]"
Add component (AddParameter): Name = "Operating Temperature"; Value = "-55°C ~ 155°C"; VariantName = "[No Variations]"
Add component (AddParameter): Name = "Package / Case"; Value = "1210 (3225 Metric)"; VariantName = "[No Variations]"
Add component (AddParameter): Name = "Packaging"; Value = "TapeAndReel"; VariantName = "[No Variations]"
Add component (AddParameter): Name = "Part Number"; Value = "RC1210JR-072KL"; VariantName = "[No Variations]"
Add component (AddParameter): Name = "Part Status"; Value = "Active"; VariantName = "[No Variations]"
Add component (AddParameter): Name = "Power (Watts)"; Value = "0.5W, 1/2W"; VariantName = "[No Variations]"
Add component (AddParameter): Name = "Price"; Value = "0.01"; VariantName = "[No Variations]"
Add component (AddParameter): Name = "Resistance"; Value = "2 kOhms"; VariantName = "[No Variations]"
Add component (AddParameter): Name = "Series"; Value = "RC_L"; VariantName = "[No Variations]"
Add component (AddParameter): Name = "Size / Dimension"; Value = "0.122" L x 0.102" W (3.10mm x 2.60mm)"; VariantName = "[No Variations]"
Add component (AddParameter): Name = "Supplier 1"; Value = "DigiKey"; VariantName = "[No Variations]"
Add component (AddParameter): Name = "Supplier Device Package"; Value = "1210"; VariantName = "[No Variations]"
Add component (AddParameter): Name = "Supplier Part Number 1"; Value = "13-RC1210JR-072KLCT-ND"; VariantName = "[No Variations]"
Add component (AddParameter): Name = "Temperature Coefficient"; Value = "±100ppm/°C"; VariantName = "[No Variations]"
Add component (AddParameter): Name = "Tolerance"; Value = "±5%"; VariantName = "[No Variations]"
Add component (AddParameter): Name = "Value"; Value = "2 kOhms"; VariantName = "[No Variations]"
Added Component: Designator=R5(RES 2512_6432)
Add component (AddParameter): Name = "componentlink1description"; Value = "Datasheet"; VariantName = "[No Variations]"
Add component (AddParameter): Name = "componentlink1url"; Value = "http://www.koaspeer.com/catimages/Products/RK73H/RK73H.pdf"; VariantName = "[No Variations]"
Add component (AddParameter): Name = "componentlink2description"; Value = "DigiKey Link"; VariantName = "[No Variations]"
Add component (AddParameter): Name = "componentlink2url"; Value = "http://digikey.com/product-detail/en/koa-speer-electronics-inc/RK73H3ATTE1000F/2019-RK73H3ATTE1000FCT-ND/10425070"; VariantName = "[No Variations]"
Add component (AddParameter): Name = "Composition"; Value = "Thick Film"; VariantName = "[No Variations]"
Add component (AddParameter): Name = "Device Package"; Value = "2512 (6432 Metric)"; VariantName = "[No Variations]"
Add component (AddParameter): Name = "Features"; Value = "Automotive AEC-Q200, Moisture Resistant"; VariantName = "[No Variations]"
Add component (AddParameter): Name = "Height - Seated (Max)"; Value = "0.028" (0.70mm)"; VariantName = "[No Variations]"
Add component (AddParameter): Name = "lastupdated"; Value = "2/09/2020 1:26:50 AM"; VariantName = "[No Variations]"
Add component (AddParameter): Name = "Lifecycle Status"; Value = "Active"; VariantName = "[No Variations]"
Add component (AddParameter): Name = "manufacturer"; Value = "KOA Speer Electronics, Inc."; VariantName = "[No Variations]"
Add component (AddParameter): Name = "Minimum Order"; Value = "1"; VariantName = "[No Variations]"
Add component (AddParameter): Name = "Number of Terminations"; Value = "2"; VariantName = "[No Variations]"
Add component (AddParameter): Name = "Operating Temperature"; Value = "-55°C ~ 155°C"; VariantName = "[No Variations]"
Add component (AddParameter): Name = "Package / Case"; Value = "2512 (6432 Metric)"; VariantName = "[No Variations]"
Add component (AddParameter): Name = "packaging"; Value = "TapeAndReel"; VariantName = "[No Variations]"
Add component (AddParameter): Name = "Part Number"; Value = "RK73H3ATTE1000F"; VariantName = "[No Variations]"
Add component (AddParameter): Name = "Part Status"; Value = "Active"; VariantName = "[No Variations]"
Add component (AddParameter): Name = "Power (Watts)"; Value = "1W"; VariantName = "[No Variations]"
Add component (AddParameter): Name = "price"; Value = "0.05"; VariantName = "[No Variations]"
Add component (AddParameter): Name = "Ratings"; Value = "AEC-Q200"; VariantName = "[No Variations]"
Add component (AddParameter): Name = "Resistance"; Value = "100 Ohms"; VariantName = "[No Variations]"
Add component (AddParameter): Name = "series"; Value = "RK73H"; VariantName = "[No Variations]"
Add component (AddParameter): Name = "Size / Dimension"; Value = "0.248" L x 0.122" W (6.30mm x 3.10mm)"; VariantName = "[No Variations]"
Add component (AddParameter): Name = "Supplier 1"; Value = "DigiKey"; VariantName = "[No Variations]"
Add component (AddParameter): Name = "Supplier Device Package"; Value = "2512"; VariantName = "[No Variations]"
Add component (AddParameter): Name = "Supplier Part Number 1"; Value = "2019-RK73H3ATTE1000FCT-ND"; VariantName = "[No Variations]"
Add component (AddParameter): Name = "Temperature Coefficient"; Value = "±100ppm/°C"; VariantName = "[No Variations]"
Add component (AddParameter): Name = "Tolerance"; Value = "±1%"; VariantName = "[No Variations]"
Add component (AddParameter): Name = "value"; Value = "100 Ohms"; VariantName = "[No Variations]"
Added Component: Designator=R6(RES 1210_3225)
Add component (AddParameter): Name = "ComponentLink1Description"; Value = "Datasheet"; VariantName = "[No Variations]"
Add component (AddParameter): Name = "ComponentLink1URL"; Value = "https://www.vishay.com/docs/68043/crma.pdf"; VariantName = "[No Variations]"
Add component (AddParameter): Name = "ComponentLink2Description"; Value = "DigiKey Link"; VariantName = "[No Variations]"
Add component (AddParameter): Name = "ComponentLink2URL"; Value = "https://www.digikey.com/en/products/detail/vishay-dale/CRMA1210AF10K0FKEF/13998641"; VariantName = "[No Variations]"
Add component (AddParameter): Name = "Composition"; Value = "Thick Film"; VariantName = "[No Variations]"
Add component (AddParameter): Name = "Device Package"; Value = "1210 (3225 Metric)"; VariantName = "[No Variations]"
Add component (AddParameter): Name = "Features"; Value = "Automotive AEC-Q200, Moisture Resistant"; VariantName = "[No Variations]"
Add component (AddParameter): Name = "Height - Seated (Max)"; Value = "0.029" (0.74mm)"; VariantName = "[No Variations]"
Add component (AddParameter): Name = "LastUpdated"; Value = "3/06/2024 8:18:49 PM"; VariantName = "[No Variations]"
Add component (AddParameter): Name = "Lifecycle Status"; Value = "Active"; VariantName = "[No Variations]"
Add component (AddParameter): Name = "Manufacturer"; Value = "Vishay Dale"; VariantName = "[No Variations]"
Add component (AddParameter): Name = "Minimum Order"; Value = "1"; VariantName = "[No Variations]"
Add component (AddParameter): Name = "Number of Terminations"; Value = "2"; VariantName = "[No Variations]"
Add component (AddParameter): Name = "Operating Temperature"; Value = "-55°C ~ 155°C"; VariantName = "[No Variations]"
Add component (AddParameter): Name = "Package / Case"; Value = "1210 (3225 Metric)"; VariantName = "[No Variations]"
Add component (AddParameter): Name = "Packaging"; Value = "TapeAndReel"; VariantName = "[No Variations]"
Add component (AddParameter): Name = "Part Number"; Value = "CRMA1210AF10K0FKEF"; VariantName = "[No Variations]"
Add component (AddParameter): Name = "Part Status"; Value = "Active"; VariantName = "[No Variations]"
Add component (AddParameter): Name = "Power (Watts)"; Value = "0.35W"; VariantName = "[No Variations]"
Add component (AddParameter): Name = "Price"; Value = "0.17"; VariantName = "[No Variations]"
Add component (AddParameter): Name = "Ratings"; Value = "AEC-Q200"; VariantName = "[No Variations]"
Add component (AddParameter): Name = "Resistance"; Value = "10 kOhms"; VariantName = "[No Variations]"
Add component (AddParameter): Name = "Series"; Value = "CRMA"; VariantName = "[No Variations]"
Add component (AddParameter): Name = "Size / Dimension"; Value = "0.125" L x 0.100" W (3.18mm x 2.54mm)"; VariantName = "[No Variations]"
Add component (AddParameter): Name = "Supplier 1"; Value = "DigiKey"; VariantName = "[No Variations]"
Add component (AddParameter): Name = "Supplier Device Package"; Value = "1210"; VariantName = "[No Variations]"
Add component (AddParameter): Name = "Supplier Part Number 1"; Value = "541-CRMA1210AF10K0FKEFCT-ND"; VariantName = "[No Variations]"
Add component (AddParameter): Name = "Temperature Coefficient"; Value = "±100ppm/°C"; VariantName = "[No Variations]"
Add component (AddParameter): Name = "Tolerance"; Value = "±1%"; VariantName = "[No Variations]"
Add component (AddParameter): Name = "Value"; Value = "10 kOhms"; VariantName = "[No Variations]"
Added Component: Designator=R7(RES 1210_3225)
Add component (AddParameter): Name = "ComponentLink1Description"; Value = "Datasheet"; VariantName = "[No Variations]"
Add component (AddParameter): Name = "ComponentLink1URL"; Value = "http://www.vishay.com/docs/20035/dcrcwe3.pdf"; VariantName = "[No Variations]"
Add component (AddParameter): Name = "ComponentLink2Description"; Value = "DigiKey Link"; VariantName = "[No Variations]"
Add component (AddParameter): Name = "ComponentLink2URL"; Value = "https://www.digikey.com/en/products/detail/vishay-dale/CRCW1210470KJNEA/1177238"; VariantName = "[No Variations]"
Add component (AddParameter): Name = "Composition"; Value = "Thick Film"; VariantName = "[No Variations]"
Add component (AddParameter): Name = "Device Package"; Value = "1210 (3225 Metric)"; VariantName = "[No Variations]"
Add component (AddParameter): Name = "Features"; Value = "Automotive AEC-Q200"; VariantName = "[No Variations]"
Add component (AddParameter): Name = "Height - Seated (Max)"; Value = "0.024" (0.60mm)"; VariantName = "[No Variations]"
Add component (AddParameter): Name = "LastUpdated"; Value = "3/06/2024 8:19:03 PM"; VariantName = "[No Variations]"
Add component (AddParameter): Name = "Lifecycle Status"; Value = "Active"; VariantName = "[No Variations]"
Add component (AddParameter): Name = "Manufacturer"; Value = "Vishay Dale"; VariantName = "[No Variations]"
Add component (AddParameter): Name = "Minimum Order"; Value = "1"; VariantName = "[No Variations]"
Add component (AddParameter): Name = "Number of Terminations"; Value = "2"; VariantName = "[No Variations]"
Add component (AddParameter): Name = "Operating Temperature"; Value = "-55°C ~ 155°C"; VariantName = "[No Variations]"
Add component (AddParameter): Name = "Package / Case"; Value = "1210 (3225 Metric)"; VariantName = "[No Variations]"
Add component (AddParameter): Name = "Packaging"; Value = "TapeAndReel"; VariantName = "[No Variations]"
Add component (AddParameter): Name = "Part Number"; Value = "CRCW1210470KJNEA"; VariantName = "[No Variations]"
Add component (AddParameter): Name = "Part Status"; Value = "Active"; VariantName = "[No Variations]"
Add component (AddParameter): Name = "Power (Watts)"; Value = "0.5W, 1/2W"; VariantName = "[No Variations]"
Add component (AddParameter): Name = "Price"; Value = "0.02"; VariantName = "[No Variations]"
Add component (AddParameter): Name = "Ratings"; Value = "AEC-Q200"; VariantName = "[No Variations]"
Add component (AddParameter): Name = "Resistance"; Value = "470 kOhms"; VariantName = "[No Variations]"
Add component (AddParameter): Name = "Series"; Value = "D/CRCW e3"; VariantName = "[No Variations]"
Add component (AddParameter): Name = "Size / Dimension"; Value = "0.126" L x 0.098" W (3.20mm x 2.50mm)"; VariantName = "[No Variations]"
Add component (AddParameter): Name = "Supplier 1"; Value = "DigiKey"; VariantName = "[No Variations]"
Add component (AddParameter): Name = "Supplier Device Package"; Value = "1210"; VariantName = "[No Variations]"
Add component (AddParameter): Name = "Supplier Part Number 1"; Value = "541-470KVCT-ND"; VariantName = "[No Variations]"
Add component (AddParameter): Name = "Temperature Coefficient"; Value = "±200ppm/°C"; VariantName = "[No Variations]"
Add component (AddParameter): Name = "Tolerance"; Value = "±5%"; VariantName = "[No Variations]"
Add component (AddParameter): Name = "Value"; Value = "470 kOhms"; VariantName = "[No Variations]"
Added Component: Designator=R8(RES 2512_6432)
Add component (AddParameter): Name = "componentlink1description"; Value = "Datasheet"; VariantName = "[No Variations]"
Add component (AddParameter): Name = "componentlink1url"; Value = "http://www.koaspeer.com/catimages/Products/RK73H/RK73H.pdf"; VariantName = "[No Variations]"
Add component (AddParameter): Name = "componentlink2description"; Value = "DigiKey Link"; VariantName = "[No Variations]"
Add component (AddParameter): Name = "componentlink2url"; Value = "http://digikey.com/product-detail/en/koa-speer-electronics-inc/RK73H3ATTE28R0F/2019-RK73H3ATTE28R0FCT-ND/10425047"; VariantName = "[No Variations]"
Add component (AddParameter): Name = "Composition"; Value = "Thick Film"; VariantName = "[No Variations]"
Add component (AddParameter): Name = "Device Package"; Value = "2512 (6432 Metric)"; VariantName = "[No Variations]"
Add component (AddParameter): Name = "Features"; Value = "Automotive AEC-Q200, Moisture Resistant"; VariantName = "[No Variations]"
Add component (AddParameter): Name = "Height - Seated (Max)"; Value = "0.028" (0.70mm)"; VariantName = "[No Variations]"
Add component (AddParameter): Name = "lastupdated"; Value = "11/04/2023 8:12:36 PM"; VariantName = "[No Variations]"
Add component (AddParameter): Name = "Lifecycle Status"; Value = "Active"; VariantName = "[No Variations]"
Add component (AddParameter): Name = "manufacturer"; Value = "KOA Speer Electronics, Inc."; VariantName = "[No Variations]"
Add component (AddParameter): Name = "Minimum Order"; Value = "1"; VariantName = "[No Variations]"
Add component (AddParameter): Name = "Number of Terminations"; Value = "2"; VariantName = "[No Variations]"
Add component (AddParameter): Name = "Operating Temperature"; Value = "-55°C ~ 155°C"; VariantName = "[No Variations]"
Add component (AddParameter): Name = "Package / Case"; Value = "2512 (6432 Metric)"; VariantName = "[No Variations]"
Add component (AddParameter): Name = "packaging"; Value = "TapeAndReel"; VariantName = "[No Variations]"
Add component (AddParameter): Name = "Part Number"; Value = "RK73H3ATTE28R0F"; VariantName = "[No Variations]"
Add component (AddParameter): Name = "Part Status"; Value = "Active"; VariantName = "[No Variations]"
Add component (AddParameter): Name = "Power (Watts)"; Value = "1W"; VariantName = "[No Variations]"
Add component (AddParameter): Name = "price"; Value = "0.05"; VariantName = "[No Variations]"
Add component (AddParameter): Name = "Ratings"; Value = "AEC-Q200"; VariantName = "[No Variations]"
Add component (AddParameter): Name = "Resistance"; Value = "28 Ohms"; VariantName = "[No Variations]"
Add component (AddParameter): Name = "series"; Value = "RK73H"; VariantName = "[No Variations]"
Add component (AddParameter): Name = "Size / Dimension"; Value = "0.248" L x 0.122" W (6.30mm x 3.10mm)"; VariantName = "[No Variations]"
Add component (AddParameter): Name = "Supplier 1"; Value = "DigiKey"; VariantName = "[No Variations]"
Add component (AddParameter): Name = "Supplier Device Package"; Value = "2512"; VariantName = "[No Variations]"
Add component (AddParameter): Name = "Supplier Part Number 1"; Value = "2019-RK73H3ATTE28R0FCT-ND"; VariantName = "[No Variations]"
Add component (AddParameter): Name = "Temperature Coefficient"; Value = "±100ppm/°C"; VariantName = "[No Variations]"
Add component (AddParameter): Name = "Tolerance"; Value = "±1%"; VariantName = "[No Variations]"
Add component (AddParameter): Name = "value"; Value = "28 Ohms"; VariantName = "[No Variations]"
Added Component: Designator=R9(RES 2512_6432)
Add component (AddParameter): Name = "componentlink1description"; Value = "Datasheet"; VariantName = "[No Variations]"
Add component (AddParameter): Name = "componentlink1url"; Value = "http://www.vishay.com/docs/20035/dcrcwe3.pdf"; VariantName = "[No Variations]"
Add component (AddParameter): Name = "componentlink2description"; Value = "DigiKey Link"; VariantName = "[No Variations]"
Add component (AddParameter): Name = "componentlink2url"; Value = "http://digikey.com/product-detail/en/vishay-dale/CRCW2512215KFKEG/541-215KAFCT-ND/1178868"; VariantName = "[No Variations]"
Add component (AddParameter): Name = "Composition"; Value = "Thick Film"; VariantName = "[No Variations]"
Add component (AddParameter): Name = "Device Package"; Value = "2512 (6432 Metric)"; VariantName = "[No Variations]"
Add component (AddParameter): Name = "Features"; Value = "Automotive AEC-Q200"; VariantName = "[No Variations]"
Add component (AddParameter): Name = "Height - Seated (Max)"; Value = "0.028" (0.70mm)"; VariantName = "[No Variations]"
Add component (AddParameter): Name = "lastupdated"; Value = "16/04/2023 8:18:28 PM"; VariantName = "[No Variations]"
Add component (AddParameter): Name = "Lifecycle Status"; Value = "Active"; VariantName = "[No Variations]"
Add component (AddParameter): Name = "manufacturer"; Value = "Vishay Dale"; VariantName = "[No Variations]"
Add component (AddParameter): Name = "Minimum Order"; Value = "1"; VariantName = "[No Variations]"
Add component (AddParameter): Name = "Number of Terminations"; Value = "2"; VariantName = "[No Variations]"
Add component (AddParameter): Name = "Operating Temperature"; Value = "-55°C ~ 155°C"; VariantName = "[No Variations]"
Add component (AddParameter): Name = "Package / Case"; Value = "2512 (6432 Metric)"; VariantName = "[No Variations]"
Add component (AddParameter): Name = "packaging"; Value = "TapeAndReel"; VariantName = "[No Variations]"
Add component (AddParameter): Name = "Part Number"; Value = "CRCW2512215KFKEG"; VariantName = "[No Variations]"
Add component (AddParameter): Name = "Part Status"; Value = "Active"; VariantName = "[No Variations]"
Add component (AddParameter): Name = "Power (Watts)"; Value = "1W"; VariantName = "[No Variations]"
Add component (AddParameter): Name = "price"; Value = "0.04"; VariantName = "[No Variations]"
Add component (AddParameter): Name = "Ratings"; Value = "AEC-Q200"; VariantName = "[No Variations]"
Add component (AddParameter): Name = "Resistance"; Value = "215 kOhms"; VariantName = "[No Variations]"
Add component (AddParameter): Name = "series"; Value = "CRCW"; VariantName = "[No Variations]"
Add component (AddParameter): Name = "Size / Dimension"; Value = "0.248" L x 0.124" W (6.30mm x 3.15mm)"; VariantName = "[No Variations]"
Add component (AddParameter): Name = "Supplier 1"; Value = "DigiKey"; VariantName = "[No Variations]"
Add component (AddParameter): Name = "Supplier Device Package"; Value = "2512"; VariantName = "[No Variations]"
Add component (AddParameter): Name = "Supplier Part Number 1"; Value = "541-215KAFCT-ND"; VariantName = "[No Variations]"
Add component (AddParameter): Name = "Temperature Coefficient"; Value = "±100ppm/°C"; VariantName = "[No Variations]"
Add component (AddParameter): Name = "Tolerance"; Value = "±1%"; VariantName = "[No Variations]"
Add component (AddParameter): Name = "value"; Value = "215 kOhms"; VariantName = "[No Variations]"
Added Component: Designator=R10(RES 2512_6432)
Add component (AddParameter): Name = "componentlink1description"; Value = "Datasheet"; VariantName = "[No Variations]"
Add component (AddParameter): Name = "componentlink1url"; Value = "http://www.koaspeer.com/catimages/Products/RK73H/RK73H.pdf"; VariantName = "[No Variations]"
Add component (AddParameter): Name = "componentlink2description"; Value = "DigiKey Link"; VariantName = "[No Variations]"
Add component (AddParameter): Name = "componentlink2url"; Value = "http://digikey.com/product-detail/en/koa-speer-electronics-inc/RK73H3ATTE1000F/2019-RK73H3ATTE1000FCT-ND/10425070"; VariantName = "[No Variations]"
Add component (AddParameter): Name = "Composition"; Value = "Thick Film"; VariantName = "[No Variations]"
Add component (AddParameter): Name = "Device Package"; Value = "2512 (6432 Metric)"; VariantName = "[No Variations]"
Add component (AddParameter): Name = "Features"; Value = "Automotive AEC-Q200, Moisture Resistant"; VariantName = "[No Variations]"
Add component (AddParameter): Name = "Height - Seated (Max)"; Value = "0.028" (0.70mm)"; VariantName = "[No Variations]"
Add component (AddParameter): Name = "lastupdated"; Value = "2/09/2020 1:26:50 AM"; VariantName = "[No Variations]"
Add component (AddParameter): Name = "Lifecycle Status"; Value = "Active"; VariantName = "[No Variations]"
Add component (AddParameter): Name = "manufacturer"; Value = "KOA Speer Electronics, Inc."; VariantName = "[No Variations]"
Add component (AddParameter): Name = "Minimum Order"; Value = "1"; VariantName = "[No Variations]"
Add component (AddParameter): Name = "Number of Terminations"; Value = "2"; VariantName = "[No Variations]"
Add component (AddParameter): Name = "Operating Temperature"; Value = "-55°C ~ 155°C"; VariantName = "[No Variations]"
Add component (AddParameter): Name = "Package / Case"; Value = "2512 (6432 Metric)"; VariantName = "[No Variations]"
Add component (AddParameter): Name = "packaging"; Value = "TapeAndReel"; VariantName = "[No Variations]"
Add component (AddParameter): Name = "Part Number"; Value = "RK73H3ATTE1000F"; VariantName = "[No Variations]"
Add component (AddParameter): Name = "Part Status"; Value = "Active"; VariantName = "[No Variations]"
Add component (AddParameter): Name = "Power (Watts)"; Value = "1W"; VariantName = "[No Variations]"
Add component (AddParameter): Name = "price"; Value = "0.05"; VariantName = "[No Variations]"
Add component (AddParameter): Name = "Ratings"; Value = "AEC-Q200"; VariantName = "[No Variations]"
Add component (AddParameter): Name = "Resistance"; Value = "100 Ohms"; VariantName = "[No Variations]"
Add component (AddParameter): Name = "series"; Value = "RK73H"; VariantName = "[No Variations]"
Add component (AddParameter): Name = "Size / Dimension"; Value = "0.248" L x 0.122" W (6.30mm x 3.10mm)"; VariantName = "[No Variations]"
Add component (AddParameter): Name = "Supplier 1"; Value = "DigiKey"; VariantName = "[No Variations]"
Add component (AddParameter): Name = "Supplier Device Package"; Value = "2512"; VariantName = "[No Variations]"
Add component (AddParameter): Name = "Supplier Part Number 1"; Value = "2019-RK73H3ATTE1000FCT-ND"; VariantName = "[No Variations]"
Add component (AddParameter): Name = "Temperature Coefficient"; Value = "±100ppm/°C"; VariantName = "[No Variations]"
Add component (AddParameter): Name = "Tolerance"; Value = "±1%"; VariantName = "[No Variations]"
Add component (AddParameter): Name = "value"; Value = "100 Ohms"; VariantName = "[No Variations]"
Added Component: Designator=R11(RES 2512_6432)
Add component (AddParameter): Name = "componentlink1description"; Value = "Datasheet"; VariantName = "[No Variations]"
Add component (AddParameter): Name = "componentlink1url"; Value = "http://www.vishay.com/docs/20035/dcrcwe3.pdf"; VariantName = "[No Variations]"
Add component (AddParameter): Name = "componentlink2description"; Value = "DigiKey Link"; VariantName = "[No Variations]"
Add component (AddParameter): Name = "componentlink2url"; Value = "http://digikey.com/product-detail/en/vishay-dale/CRCW2512215KFKEG/541-215KAFCT-ND/1178868"; VariantName = "[No Variations]"
Add component (AddParameter): Name = "Composition"; Value = "Thick Film"; VariantName = "[No Variations]"
Add component (AddParameter): Name = "Device Package"; Value = "2512 (6432 Metric)"; VariantName = "[No Variations]"
Add component (AddParameter): Name = "Features"; Value = "Automotive AEC-Q200"; VariantName = "[No Variations]"
Add component (AddParameter): Name = "Height - Seated (Max)"; Value = "0.028" (0.70mm)"; VariantName = "[No Variations]"
Add component (AddParameter): Name = "lastupdated"; Value = "16/04/2023 8:18:28 PM"; VariantName = "[No Variations]"
Add component (AddParameter): Name = "Lifecycle Status"; Value = "Active"; VariantName = "[No Variations]"
Add component (AddParameter): Name = "manufacturer"; Value = "Vishay Dale"; VariantName = "[No Variations]"
Add component (AddParameter): Name = "Minimum Order"; Value = "1"; VariantName = "[No Variations]"
Add component (AddParameter): Name = "Number of Terminations"; Value = "2"; VariantName = "[No Variations]"
Add component (AddParameter): Name = "Operating Temperature"; Value = "-55°C ~ 155°C"; VariantName = "[No Variations]"
Add component (AddParameter): Name = "Package / Case"; Value = "2512 (6432 Metric)"; VariantName = "[No Variations]"
Add component (AddParameter): Name = "packaging"; Value = "TapeAndReel"; VariantName = "[No Variations]"
Add component (AddParameter): Name = "Part Number"; Value = "CRCW2512215KFKEG"; VariantName = "[No Variations]"
Add component (AddParameter): Name = "Part Status"; Value = "Active"; VariantName = "[No Variations]"
Add component (AddParameter): Name = "Power (Watts)"; Value = "1W"; VariantName = "[No Variations]"
Add component (AddParameter): Name = "price"; Value = "0.04"; VariantName = "[No Variations]"
Add component (AddParameter): Name = "Ratings"; Value = "AEC-Q200"; VariantName = "[No Variations]"
Add component (AddParameter): Name = "Resistance"; Value = "215 kOhms"; VariantName = "[No Variations]"
Add component (AddParameter): Name = "series"; Value = "CRCW"; VariantName = "[No Variations]"
Add component (AddParameter): Name = "Size / Dimension"; Value = "0.248" L x 0.124" W (6.30mm x 3.15mm)"; VariantName = "[No Variations]"
Add component (AddParameter): Name = "Supplier 1"; Value = "DigiKey"; VariantName = "[No Variations]"
Add component (AddParameter): Name = "Supplier Device Package"; Value = "2512"; VariantName = "[No Variations]"
Add component (AddParameter): Name = "Supplier Part Number 1"; Value = "541-215KAFCT-ND"; VariantName = "[No Variations]"
Add component (AddParameter): Name = "Temperature Coefficient"; Value = "±100ppm/°C"; VariantName = "[No Variations]"
Add component (AddParameter): Name = "Tolerance"; Value = "±1%"; VariantName = "[No Variations]"
Add component (AddParameter): Name = "value"; Value = "215 kOhms"; VariantName = "[No Variations]"
Added Component: Designator=R12(RES 2512_6432)
Add component (AddParameter): Name = "componentlink1description"; Value = "Datasheet"; VariantName = "[No Variations]"
Add component (AddParameter): Name = "componentlink1url"; Value = "http://www.koaspeer.com/catimages/Products/RK73H/RK73H.pdf"; VariantName = "[No Variations]"
Add component (AddParameter): Name = "componentlink2description"; Value = "DigiKey Link"; VariantName = "[No Variations]"
Add component (AddParameter): Name = "componentlink2url"; Value = "http://digikey.com/product-detail/en/koa-speer-electronics-inc/RK73H3ATTE1000F/2019-RK73H3ATTE1000FCT-ND/10425070"; VariantName = "[No Variations]"
Add component (AddParameter): Name = "Composition"; Value = "Thick Film"; VariantName = "[No Variations]"
Add component (AddParameter): Name = "Device Package"; Value = "2512 (6432 Metric)"; VariantName = "[No Variations]"
Add component (AddParameter): Name = "Features"; Value = "Automotive AEC-Q200, Moisture Resistant"; VariantName = "[No Variations]"
Add component (AddParameter): Name = "Height - Seated (Max)"; Value = "0.028" (0.70mm)"; VariantName = "[No Variations]"
Add component (AddParameter): Name = "lastupdated"; Value = "2/09/2020 1:26:50 AM"; VariantName = "[No Variations]"
Add component (AddParameter): Name = "Lifecycle Status"; Value = "Active"; VariantName = "[No Variations]"
Add component (AddParameter): Name = "manufacturer"; Value = "KOA Speer Electronics, Inc."; VariantName = "[No Variations]"
Add component (AddParameter): Name = "Minimum Order"; Value = "1"; VariantName = "[No Variations]"
Add component (AddParameter): Name = "Number of Terminations"; Value = "2"; VariantName = "[No Variations]"
Add component (AddParameter): Name = "Operating Temperature"; Value = "-55°C ~ 155°C"; VariantName = "[No Variations]"
Add component (AddParameter): Name = "Package / Case"; Value = "2512 (6432 Metric)"; VariantName = "[No Variations]"
Add component (AddParameter): Name = "packaging"; Value = "TapeAndReel"; VariantName = "[No Variations]"
Add component (AddParameter): Name = "Part Number"; Value = "RK73H3ATTE1000F"; VariantName = "[No Variations]"
Add component (AddParameter): Name = "Part Status"; Value = "Active"; VariantName = "[No Variations]"
Add component (AddParameter): Name = "Power (Watts)"; Value = "1W"; VariantName = "[No Variations]"
Add component (AddParameter): Name = "price"; Value = "0.05"; VariantName = "[No Variations]"
Add component (AddParameter): Name = "Ratings"; Value = "AEC-Q200"; VariantName = "[No Variations]"
Add component (AddParameter): Name = "Resistance"; Value = "100 Ohms"; VariantName = "[No Variations]"
Add component (AddParameter): Name = "series"; Value = "RK73H"; VariantName = "[No Variations]"
Add component (AddParameter): Name = "Size / Dimension"; Value = "0.248" L x 0.122" W (6.30mm x 3.10mm)"; VariantName = "[No Variations]"
Add component (AddParameter): Name = "Supplier 1"; Value = "DigiKey"; VariantName = "[No Variations]"
Add component (AddParameter): Name = "Supplier Device Package"; Value = "2512"; VariantName = "[No Variations]"
Add component (AddParameter): Name = "Supplier Part Number 1"; Value = "2019-RK73H3ATTE1000FCT-ND"; VariantName = "[No Variations]"
Add component (AddParameter): Name = "Temperature Coefficient"; Value = "±100ppm/°C"; VariantName = "[No Variations]"
Add component (AddParameter): Name = "Tolerance"; Value = "±1%"; VariantName = "[No Variations]"
Add component (AddParameter): Name = "value"; Value = "100 Ohms"; VariantName = "[No Variations]"
Added Component: Designator=R13(RES 2512_6432)
Add component (AddParameter): Name = "componentlink1description"; Value = "Datasheet"; VariantName = "[No Variations]"
Add component (AddParameter): Name = "componentlink1url"; Value = "http://www.vishay.com/docs/20035/dcrcwe3.pdf"; VariantName = "[No Variations]"
Add component (AddParameter): Name = "componentlink2description"; Value = "DigiKey Link"; VariantName = "[No Variations]"
Add component (AddParameter): Name = "componentlink2url"; Value = "http://digikey.com/product-detail/en/vishay-dale/CRCW2512215KFKEG/541-215KAFCT-ND/1178868"; VariantName = "[No Variations]"
Add component (AddParameter): Name = "Composition"; Value = "Thick Film"; VariantName = "[No Variations]"
Add component (AddParameter): Name = "Device Package"; Value = "2512 (6432 Metric)"; VariantName = "[No Variations]"
Add component (AddParameter): Name = "Features"; Value = "Automotive AEC-Q200"; VariantName = "[No Variations]"
Add component (AddParameter): Name = "Height - Seated (Max)"; Value = "0.028" (0.70mm)"; VariantName = "[No Variations]"
Add component (AddParameter): Name = "lastupdated"; Value = "16/04/2023 8:18:28 PM"; VariantName = "[No Variations]"
Add component (AddParameter): Name = "Lifecycle Status"; Value = "Active"; VariantName = "[No Variations]"
Add component (AddParameter): Name = "manufacturer"; Value = "Vishay Dale"; VariantName = "[No Variations]"
Add component (AddParameter): Name = "Minimum Order"; Value = "1"; VariantName = "[No Variations]"
Add component (AddParameter): Name = "Number of Terminations"; Value = "2"; VariantName = "[No Variations]"
Add component (AddParameter): Name = "Operating Temperature"; Value = "-55°C ~ 155°C"; VariantName = "[No Variations]"
Add component (AddParameter): Name = "Package / Case"; Value = "2512 (6432 Metric)"; VariantName = "[No Variations]"
Add component (AddParameter): Name = "packaging"; Value = "TapeAndReel"; VariantName = "[No Variations]"
Add component (AddParameter): Name = "Part Number"; Value = "CRCW2512215KFKEG"; VariantName = "[No Variations]"
Add component (AddParameter): Name = "Part Status"; Value = "Active"; VariantName = "[No Variations]"
Add component (AddParameter): Name = "Power (Watts)"; Value = "1W"; VariantName = "[No Variations]"
Add component (AddParameter): Name = "price"; Value = "0.04"; VariantName = "[No Variations]"
Add component (AddParameter): Name = "Ratings"; Value = "AEC-Q200"; VariantName = "[No Variations]"
Add component (AddParameter): Name = "Resistance"; Value = "215 kOhms"; VariantName = "[No Variations]"
Add component (AddParameter): Name = "series"; Value = "CRCW"; VariantName = "[No Variations]"
Add component (AddParameter): Name = "Size / Dimension"; Value = "0.248" L x 0.124" W (6.30mm x 3.15mm)"; VariantName = "[No Variations]"
Add component (AddParameter): Name = "Supplier 1"; Value = "DigiKey"; VariantName = "[No Variations]"
Add component (AddParameter): Name = "Supplier Device Package"; Value = "2512"; VariantName = "[No Variations]"
Add component (AddParameter): Name = "Supplier Part Number 1"; Value = "541-215KAFCT-ND"; VariantName = "[No Variations]"
Add component (AddParameter): Name = "Temperature Coefficient"; Value = "±100ppm/°C"; VariantName = "[No Variations]"
Add component (AddParameter): Name = "Tolerance"; Value = "±1%"; VariantName = "[No Variations]"
Add component (AddParameter): Name = "value"; Value = "215 kOhms"; VariantName = "[No Variations]"
Added Component: Designator=R14(RES 2512_6432)
Add component (AddParameter): Name = "componentlink1description"; Value = "Datasheet"; VariantName = "[No Variations]"
Add component (AddParameter): Name = "componentlink1url"; Value = "https://www.te.com/commerce/DocumentDelivery/DDEController?Action=srchrtrv&DocNm=1773204-3&DocType=DS&DocLang=English"; VariantName = "[No Variations]"
Add component (AddParameter): Name = "componentlink2description"; Value = "DigiKey Link"; VariantName = "[No Variations]"
Add component (AddParameter): Name = "componentlink2url"; Value = "https://www.digikey.com/en/products/detail/te-connectivity-passive-product/CRGCQ2512F82R/8576582"; VariantName = "[No Variations]"
Add component (AddParameter): Name = "Composition"; Value = "Thick Film"; VariantName = "[No Variations]"
Add component (AddParameter): Name = "Device Package"; Value = "2512 (6432 Metric)"; VariantName = "[No Variations]"
Add component (AddParameter): Name = "Features"; Value = "Automotive AEC-Q200, Moisture Resistant"; VariantName = "[No Variations]"
Add component (AddParameter): Name = "Height - Seated (Max)"; Value = "0.026" (0.65mm)"; VariantName = "[No Variations]"
Add component (AddParameter): Name = "lastupdated"; Value = "17/02/2022 6:29:19 PM"; VariantName = "[No Variations]"
Add component (AddParameter): Name = "Lifecycle Status"; Value = "Active"; VariantName = "[No Variations]"
Add component (AddParameter): Name = "manufacturer"; Value = "TE Connectivity Passive Product"; VariantName = "[No Variations]"
Add component (AddParameter): Name = "Minimum Order"; Value = "1"; VariantName = "[No Variations]"
Add component (AddParameter): Name = "Number of Terminations"; Value = "2"; VariantName = "[No Variations]"
Add component (AddParameter): Name = "Operating Temperature"; Value = "-55°C ~ 155°C"; VariantName = "[No Variations]"
Add component (AddParameter): Name = "Package / Case"; Value = "2512 (6432 Metric)"; VariantName = "[No Variations]"
Add component (AddParameter): Name = "packaging"; Value = "TapeAndReel"; VariantName = "[No Variations]"
Add component (AddParameter): Name = "Part Number"; Value = "CRGCQ2512F82R"; VariantName = "[No Variations]"
Add component (AddParameter): Name = "Part Status"; Value = "Active"; VariantName = "[No Variations]"
Add component (AddParameter): Name = "Power (Watts)"; Value = "1W"; VariantName = "[No Variations]"
Add component (AddParameter): Name = "price"; Value = "0.06"; VariantName = "[No Variations]"
Add component (AddParameter): Name = "Ratings"; Value = "AEC-Q200"; VariantName = "[No Variations]"
Add component (AddParameter): Name = "Resistance"; Value = "82 Ohms"; VariantName = "[No Variations]"
Add component (AddParameter): Name = "series"; Value = "CRGCQ"; VariantName = "[No Variations]"
Add component (AddParameter): Name = "Size / Dimension"; Value = "0.250" L x 0.126" W (6.35mm x 3.20mm)"; VariantName = "[No Variations]"
Add component (AddParameter): Name = "Supplier 1"; Value = "DigiKey"; VariantName = "[No Variations]"
Add component (AddParameter): Name = "Supplier Device Package"; Value = "2512"; VariantName = "[No Variations]"
Add component (AddParameter): Name = "Supplier Part Number 1"; Value = "A129980CT-ND"; VariantName = "[No Variations]"
Add component (AddParameter): Name = "Temperature Coefficient"; Value = "±200ppm/°C"; VariantName = "[No Variations]"
Add component (AddParameter): Name = "Tolerance"; Value = "±1%"; VariantName = "[No Variations]"
Add component (AddParameter): Name = "value"; Value = "82 Ohms"; VariantName = "[No Variations]"
Added Component: Designator=R15(RES 2512_6432)
Add component (AddParameter): Name = "componentlink1description"; Value = "Datasheet"; VariantName = "[No Variations]"
Add component (AddParameter): Name = "componentlink1url"; Value = "http://www.vishay.com/docs/20035/dcrcwe3.pdf"; VariantName = "[No Variations]"
Add component (AddParameter): Name = "componentlink2description"; Value = "DigiKey Link"; VariantName = "[No Variations]"
Add component (AddParameter): Name = "componentlink2url"; Value = "http://digikey.com/product-detail/en/vishay-dale/CRCW2512130RFKEG/541-130AFCT-ND/3232072"; VariantName = "[No Variations]"
Add component (AddParameter): Name = "Composition"; Value = "Thick Film"; VariantName = "[No Variations]"
Add component (AddParameter): Name = "Device Package"; Value = "2512 (6432 Metric)"; VariantName = "[No Variations]"
Add component (AddParameter): Name = "Features"; Value = "Automotive AEC-Q200"; VariantName = "[No Variations]"
Add component (AddParameter): Name = "Height - Seated (Max)"; Value = "0.028" (0.70mm)"; VariantName = "[No Variations]"
Add component (AddParameter): Name = "lastupdated"; Value = "2/09/2020 1:26:55 AM"; VariantName = "[No Variations]"
Add component (AddParameter): Name = "Lifecycle Status"; Value = "Active"; VariantName = "[No Variations]"
Add component (AddParameter): Name = "manufacturer"; Value = "Vishay Dale"; VariantName = "[No Variations]"
Add component (AddParameter): Name = "Minimum Order"; Value = "1"; VariantName = "[No Variations]"
Add component (AddParameter): Name = "Number of Terminations"; Value = "2"; VariantName = "[No Variations]"
Add component (AddParameter): Name = "Operating Temperature"; Value = "-55°C ~ 155°C"; VariantName = "[No Variations]"
Add component (AddParameter): Name = "Package / Case"; Value = "2512 (6432 Metric)"; VariantName = "[No Variations]"
Add component (AddParameter): Name = "packaging"; Value = "TapeAndReel"; VariantName = "[No Variations]"
Add component (AddParameter): Name = "Part Number"; Value = "CRCW2512130RFKEG"; VariantName = "[No Variations]"
Add component (AddParameter): Name = "Part Status"; Value = "Active"; VariantName = "[No Variations]"
Add component (AddParameter): Name = "Power (Watts)"; Value = "1W"; VariantName = "[No Variations]"
Add component (AddParameter): Name = "price"; Value = "0.04"; VariantName = "[No Variations]"
Add component (AddParameter): Name = "Ratings"; Value = "AEC-Q200"; VariantName = "[No Variations]"
Add component (AddParameter): Name = "Resistance"; Value = "130 Ohms"; VariantName = "[No Variations]"
Add component (AddParameter): Name = "series"; Value = "CRCW"; VariantName = "[No Variations]"
Add component (AddParameter): Name = "Size / Dimension"; Value = "0.248" L x 0.124" W (6.30mm x 3.15mm)"; VariantName = "[No Variations]"
Add component (AddParameter): Name = "Supplier 1"; Value = "DigiKey"; VariantName = "[No Variations]"
Add component (AddParameter): Name = "Supplier Device Package"; Value = "2512"; VariantName = "[No Variations]"
Add component (AddParameter): Name = "Supplier Part Number 1"; Value = "541-130AFCT-ND"; VariantName = "[No Variations]"
Add component (AddParameter): Name = "Temperature Coefficient"; Value = "±100ppm/°C"; VariantName = "[No Variations]"
Add component (AddParameter): Name = "Tolerance"; Value = "±1%"; VariantName = "[No Variations]"
Add component (AddParameter): Name = "value"; Value = "130 Ohms"; VariantName = "[No Variations]"
Added Component: Designator=R16(RES 1206_3216)
Add component (AddParameter): Name = "ComponentLink1Description"; Value = "Datasheet"; VariantName = "[No Variations]"
Add component (AddParameter): Name = "ComponentLink1URL"; Value = "http://www.susumu.co.jp/common/pdf/n_catalog_partition01_en.pdf"; VariantName = "[No Variations]"
Add component (AddParameter): Name = "ComponentLink2Description"; Value = "DigiKey Link"; VariantName = "[No Variations]"
Add component (AddParameter): Name = "ComponentLink2URL"; Value = "https://www.digikey.com/en/products/detail/susumu/RG3216P-3304-B-T1/7035379"; VariantName = "[No Variations]"
Add component (AddParameter): Name = "Composition"; Value = "Thin Film"; VariantName = "[No Variations]"
Add component (AddParameter): Name = "Device Package"; Value = "1206 (3216 Metric)"; VariantName = "[No Variations]"
Add component (AddParameter): Name = "Features"; Value = "Anti-Sulfur, Automotive AEC-Q200"; VariantName = "[No Variations]"
Add component (AddParameter): Name = "Height - Seated (Max)"; Value = "0.020" (0.50mm)"; VariantName = "[No Variations]"
Add component (AddParameter): Name = "LastUpdated"; Value = "9/02/2024 8:54:00 PM"; VariantName = "[No Variations]"
Add component (AddParameter): Name = "Lifecycle Status"; Value = "Active"; VariantName = "[No Variations]"
Add component (AddParameter): Name = "Manufacturer"; Value = "Susumu"; VariantName = "[No Variations]"
Add component (AddParameter): Name = "Minimum Order"; Value = "1"; VariantName = "[No Variations]"
Add component (AddParameter): Name = "Number of Terminations"; Value = "2"; VariantName = "[No Variations]"
Add component (AddParameter): Name = "Operating Temperature"; Value = "-55°C ~ 155°C"; VariantName = "[No Variations]"
Add component (AddParameter): Name = "Package / Case"; Value = "1206 (3216 Metric)"; VariantName = "[No Variations]"
Add component (AddParameter): Name = "Packaging"; Value = "TapeAndReel"; VariantName = "[No Variations]"
Add component (AddParameter): Name = "Part Number"; Value = "RG3216P-3304-B-T1"; VariantName = "[No Variations]"
Add component (AddParameter): Name = "Part Status"; Value = "Active"; VariantName = "[No Variations]"
Add component (AddParameter): Name = "PartId"; Value = "38871"; VariantName = "[No Variations]"
Add component (AddParameter): Name = "Power (Watts)"; Value = "0.25W, 1/4W"; VariantName = "[No Variations]"
Add component (AddParameter): Name = "Price"; Value = "0.14"; VariantName = "[No Variations]"
Add component (AddParameter): Name = "Ratings"; Value = "AEC-Q200"; VariantName = "[No Variations]"
Add component (AddParameter): Name = "Resistance"; Value = "3.3 MOhms"; VariantName = "[No Variations]"
Add component (AddParameter): Name = "Series"; Value = "RG"; VariantName = "[No Variations]"
Add component (AddParameter): Name = "Size / Dimension"; Value = "0.126" L x 0.063" W (3.20mm x 1.60mm)"; VariantName = "[No Variations]"
Add component (AddParameter): Name = "Supplier 1"; Value = "DigiKey"; VariantName = "[No Variations]"
Add component (AddParameter): Name = "Supplier Device Package"; Value = "1206"; VariantName = "[No Variations]"
Add component (AddParameter): Name = "Supplier Part Number 1"; Value = "408-2035-1-ND"; VariantName = "[No Variations]"
Add component (AddParameter): Name = "Temperature Coefficient"; Value = "±25ppm/°C"; VariantName = "[No Variations]"
Add component (AddParameter): Name = "Tolerance"; Value = "±0.1%"; VariantName = "[No Variations]"
Add component (AddParameter): Name = "Value"; Value = "3.3 MOhms"; VariantName = "[No Variations]"
Added Component: Designator=R17(RES 1206_3216)
Add component (AddParameter): Name = "ComponentLink1Description"; Value = "Datasheet"; VariantName = "[No Variations]"
Add component (AddParameter): Name = "ComponentLink1URL"; Value = "https://industrial.panasonic.com/cdbs/www-data/pdf/RDM0000/AOA0000C307.pdf"; VariantName = "[No Variations]"
Add component (AddParameter): Name = "ComponentLink2Description"; Value = "DigiKey Link"; VariantName = "[No Variations]"
Add component (AddParameter): Name = "ComponentLink2URL"; Value = "https://www.digikey.com/en/products/detail/panasonic-electronic-components/ERA-8APB332V/5141025"; VariantName = "[No Variations]"
Add component (AddParameter): Name = "Composition"; Value = "Thin Film"; VariantName = "[No Variations]"
Add component (AddParameter): Name = "Device Package"; Value = "1206 (3216 Metric)"; VariantName = "[No Variations]"
Add component (AddParameter): Name = "Features"; Value = "Automotive AEC-Q200"; VariantName = "[No Variations]"
Add component (AddParameter): Name = "Height - Seated (Max)"; Value = "0.028" (0.70mm)"; VariantName = "[No Variations]"
Add component (AddParameter): Name = "LastUpdated"; Value = "9/02/2024 8:54:35 PM"; VariantName = "[No Variations]"
Add component (AddParameter): Name = "Lifecycle Status"; Value = "Active"; VariantName = "[No Variations]"
Add component (AddParameter): Name = "Manufacturer"; Value = "Panasonic Electronic Components"; VariantName = "[No Variations]"
Add component (AddParameter): Name = "Minimum Order"; Value = "1"; VariantName = "[No Variations]"
Add component (AddParameter): Name = "Number of Terminations"; Value = "2"; VariantName = "[No Variations]"
Add component (AddParameter): Name = "Operating Temperature"; Value = "-55°C ~ 155°C"; VariantName = "[No Variations]"
Add component (AddParameter): Name = "Package / Case"; Value = "1206 (3216 Metric)"; VariantName = "[No Variations]"
Add component (AddParameter): Name = "Packaging"; Value = "TapeAndReel"; VariantName = "[No Variations]"
Add component (AddParameter): Name = "Part Number"; Value = "ERA-8APB332V"; VariantName = "[No Variations]"
Add component (AddParameter): Name = "Part Status"; Value = "Active"; VariantName = "[No Variations]"
Add component (AddParameter): Name = "PartId"; Value = "28968"; VariantName = "[No Variations]"
Add component (AddParameter): Name = "Power (Watts)"; Value = "0.25W, 1/4W"; VariantName = "[No Variations]"
Add component (AddParameter): Name = "Price"; Value = "0.31"; VariantName = "[No Variations]"
Add component (AddParameter): Name = "Ratings"; Value = "AEC-Q200"; VariantName = "[No Variations]"
Add component (AddParameter): Name = "Resistance"; Value = "3.3 kOhms"; VariantName = "[No Variations]"
Add component (AddParameter): Name = "Series"; Value = "ERA-8A"; VariantName = "[No Variations]"
Add component (AddParameter): Name = "Size / Dimension"; Value = "0.126" L x 0.063" W (3.20mm x 1.60mm)"; VariantName = "[No Variations]"
Add component (AddParameter): Name = "Supplier 1"; Value = "DigiKey"; VariantName = "[No Variations]"
Add component (AddParameter): Name = "Supplier Device Package"; Value = "1206"; VariantName = "[No Variations]"
Add component (AddParameter): Name = "Supplier Part Number 1"; Value = "P3.3KCRCT-ND"; VariantName = "[No Variations]"
Add component (AddParameter): Name = "Temperature Coefficient"; Value = "±15ppm/°C"; VariantName = "[No Variations]"
Add component (AddParameter): Name = "Tolerance"; Value = "±0.1%"; VariantName = "[No Variations]"
Add component (AddParameter): Name = "Value"; Value = "3.3 kOhms"; VariantName = "[No Variations]"
Added Component: Designator=R18(RES 1206_3216)
Add component (AddParameter): Name = "ComponentLink1Description"; Value = "Datasheet"; VariantName = "[No Variations]"
Add component (AddParameter): Name = "ComponentLink1URL"; Value = "http://www.susumu.co.jp/common/pdf/n_catalog_partition01_en.pdf"; VariantName = "[No Variations]"
Add component (AddParameter): Name = "ComponentLink2Description"; Value = "DigiKey Link"; VariantName = "[No Variations]"
Add component (AddParameter): Name = "ComponentLink2URL"; Value = "https://www.digikey.com/en/products/detail/susumu/RG3216P-3304-B-T1/7035379"; VariantName = "[No Variations]"
Add component (AddParameter): Name = "Composition"; Value = "Thin Film"; VariantName = "[No Variations]"
Add component (AddParameter): Name = "Device Package"; Value = "1206 (3216 Metric)"; VariantName = "[No Variations]"
Add component (AddParameter): Name = "Features"; Value = "Anti-Sulfur, Automotive AEC-Q200"; VariantName = "[No Variations]"
Add component (AddParameter): Name = "Height - Seated (Max)"; Value = "0.020" (0.50mm)"; VariantName = "[No Variations]"
Add component (AddParameter): Name = "LastUpdated"; Value = "9/02/2024 8:54:00 PM"; VariantName = "[No Variations]"
Add component (AddParameter): Name = "Lifecycle Status"; Value = "Active"; VariantName = "[No Variations]"
Add component (AddParameter): Name = "Manufacturer"; Value = "Susumu"; VariantName = "[No Variations]"
Add component (AddParameter): Name = "Minimum Order"; Value = "1"; VariantName = "[No Variations]"
Add component (AddParameter): Name = "Number of Terminations"; Value = "2"; VariantName = "[No Variations]"
Add component (AddParameter): Name = "Operating Temperature"; Value = "-55°C ~ 155°C"; VariantName = "[No Variations]"
Add component (AddParameter): Name = "Package / Case"; Value = "1206 (3216 Metric)"; VariantName = "[No Variations]"
Add component (AddParameter): Name = "Packaging"; Value = "TapeAndReel"; VariantName = "[No Variations]"
Add component (AddParameter): Name = "Part Number"; Value = "RG3216P-3304-B-T1"; VariantName = "[No Variations]"
Add component (AddParameter): Name = "Part Status"; Value = "Active"; VariantName = "[No Variations]"
Add component (AddParameter): Name = "PartId"; Value = "38871"; VariantName = "[No Variations]"
Add component (AddParameter): Name = "Power (Watts)"; Value = "0.25W, 1/4W"; VariantName = "[No Variations]"
Add component (AddParameter): Name = "Price"; Value = "0.14"; VariantName = "[No Variations]"
Add component (AddParameter): Name = "Ratings"; Value = "AEC-Q200"; VariantName = "[No Variations]"
Add component (AddParameter): Name = "Resistance"; Value = "3.3 MOhms"; VariantName = "[No Variations]"
Add component (AddParameter): Name = "Series"; Value = "RG"; VariantName = "[No Variations]"
Add component (AddParameter): Name = "Size / Dimension"; Value = "0.126" L x 0.063" W (3.20mm x 1.60mm)"; VariantName = "[No Variations]"
Add component (AddParameter): Name = "Supplier 1"; Value = "DigiKey"; VariantName = "[No Variations]"
Add component (AddParameter): Name = "Supplier Device Package"; Value = "1206"; VariantName = "[No Variations]"
Add component (AddParameter): Name = "Supplier Part Number 1"; Value = "408-2035-1-ND"; VariantName = "[No Variations]"
Add component (AddParameter): Name = "Temperature Coefficient"; Value = "±25ppm/°C"; VariantName = "[No Variations]"
Add component (AddParameter): Name = "Tolerance"; Value = "±0.1%"; VariantName = "[No Variations]"
Add component (AddParameter): Name = "Value"; Value = "3.3 MOhms"; VariantName = "[No Variations]"
Added Component: Designator=R19(RES 1206_3216)
Add component (AddParameter): Name = "ComponentLink1Description"; Value = "Datasheet"; VariantName = "[No Variations]"
Add component (AddParameter): Name = "ComponentLink1URL"; Value = "http://www.susumu.co.jp/common/pdf/n_catalog_partition01_en.pdf"; VariantName = "[No Variations]"
Add component (AddParameter): Name = "ComponentLink2Description"; Value = "DigiKey Link"; VariantName = "[No Variations]"
Add component (AddParameter): Name = "ComponentLink2URL"; Value = "https://www.digikey.com/en/products/detail/susumu/RG3216P-3304-B-T1/7035379"; VariantName = "[No Variations]"
Add component (AddParameter): Name = "Composition"; Value = "Thin Film"; VariantName = "[No Variations]"
Add component (AddParameter): Name = "Device Package"; Value = "1206 (3216 Metric)"; VariantName = "[No Variations]"
Add component (AddParameter): Name = "Features"; Value = "Anti-Sulfur, Automotive AEC-Q200"; VariantName = "[No Variations]"
Add component (AddParameter): Name = "Height - Seated (Max)"; Value = "0.020" (0.50mm)"; VariantName = "[No Variations]"
Add component (AddParameter): Name = "LastUpdated"; Value = "9/02/2024 8:54:00 PM"; VariantName = "[No Variations]"
Add component (AddParameter): Name = "Lifecycle Status"; Value = "Active"; VariantName = "[No Variations]"
Add component (AddParameter): Name = "Manufacturer"; Value = "Susumu"; VariantName = "[No Variations]"
Add component (AddParameter): Name = "Minimum Order"; Value = "1"; VariantName = "[No Variations]"
Add component (AddParameter): Name = "Number of Terminations"; Value = "2"; VariantName = "[No Variations]"
Add component (AddParameter): Name = "Operating Temperature"; Value = "-55°C ~ 155°C"; VariantName = "[No Variations]"
Add component (AddParameter): Name = "Package / Case"; Value = "1206 (3216 Metric)"; VariantName = "[No Variations]"
Add component (AddParameter): Name = "Packaging"; Value = "TapeAndReel"; VariantName = "[No Variations]"
Add component (AddParameter): Name = "Part Number"; Value = "RG3216P-3304-B-T1"; VariantName = "[No Variations]"
Add component (AddParameter): Name = "Part Status"; Value = "Active"; VariantName = "[No Variations]"
Add component (AddParameter): Name = "PartId"; Value = "38871"; VariantName = "[No Variations]"
Add component (AddParameter): Name = "Power (Watts)"; Value = "0.25W, 1/4W"; VariantName = "[No Variations]"
Add component (AddParameter): Name = "Price"; Value = "0.14"; VariantName = "[No Variations]"
Add component (AddParameter): Name = "Ratings"; Value = "AEC-Q200"; VariantName = "[No Variations]"
Add component (AddParameter): Name = "Resistance"; Value = "3.3 MOhms"; VariantName = "[No Variations]"
Add component (AddParameter): Name = "Series"; Value = "RG"; VariantName = "[No Variations]"
Add component (AddParameter): Name = "Size / Dimension"; Value = "0.126" L x 0.063" W (3.20mm x 1.60mm)"; VariantName = "[No Variations]"
Add component (AddParameter): Name = "Supplier 1"; Value = "DigiKey"; VariantName = "[No Variations]"
Add component (AddParameter): Name = "Supplier Device Package"; Value = "1206"; VariantName = "[No Variations]"
Add component (AddParameter): Name = "Supplier Part Number 1"; Value = "408-2035-1-ND"; VariantName = "[No Variations]"
Add component (AddParameter): Name = "Temperature Coefficient"; Value = "±25ppm/°C"; VariantName = "[No Variations]"
Add component (AddParameter): Name = "Tolerance"; Value = "±0.1%"; VariantName = "[No Variations]"
Add component (AddParameter): Name = "Value"; Value = "3.3 MOhms"; VariantName = "[No Variations]"
Added Component: Designator=R20(RES 1206_3216)
Add component (AddParameter): Name = "ComponentLink1Description"; Value = "Datasheet"; VariantName = "[No Variations]"
Add component (AddParameter): Name = "ComponentLink1URL"; Value = "http://www.susumu.co.jp/common/pdf/n_catalog_partition01_en.pdf"; VariantName = "[No Variations]"
Add component (AddParameter): Name = "ComponentLink2Description"; Value = "DigiKey Link"; VariantName = "[No Variations]"
Add component (AddParameter): Name = "ComponentLink2URL"; Value = "https://www.digikey.com/en/products/detail/susumu/RG3216P-3304-B-T1/7035379"; VariantName = "[No Variations]"
Add component (AddParameter): Name = "Composition"; Value = "Thin Film"; VariantName = "[No Variations]"
Add component (AddParameter): Name = "Device Package"; Value = "1206 (3216 Metric)"; VariantName = "[No Variations]"
Add component (AddParameter): Name = "Features"; Value = "Anti-Sulfur, Automotive AEC-Q200"; VariantName = "[No Variations]"
Add component (AddParameter): Name = "Height - Seated (Max)"; Value = "0.020" (0.50mm)"; VariantName = "[No Variations]"
Add component (AddParameter): Name = "LastUpdated"; Value = "9/02/2024 8:54:00 PM"; VariantName = "[No Variations]"
Add component (AddParameter): Name = "Lifecycle Status"; Value = "Active"; VariantName = "[No Variations]"
Add component (AddParameter): Name = "Manufacturer"; Value = "Susumu"; VariantName = "[No Variations]"
Add component (AddParameter): Name = "Minimum Order"; Value = "1"; VariantName = "[No Variations]"
Add component (AddParameter): Name = "Number of Terminations"; Value = "2"; VariantName = "[No Variations]"
Add component (AddParameter): Name = "Operating Temperature"; Value = "-55°C ~ 155°C"; VariantName = "[No Variations]"
Add component (AddParameter): Name = "Package / Case"; Value = "1206 (3216 Metric)"; VariantName = "[No Variations]"
Add component (AddParameter): Name = "Packaging"; Value = "TapeAndReel"; VariantName = "[No Variations]"
Add component (AddParameter): Name = "Part Number"; Value = "RG3216P-3304-B-T1"; VariantName = "[No Variations]"
Add component (AddParameter): Name = "Part Status"; Value = "Active"; VariantName = "[No Variations]"
Add component (AddParameter): Name = "PartId"; Value = "38871"; VariantName = "[No Variations]"
Add component (AddParameter): Name = "Power (Watts)"; Value = "0.25W, 1/4W"; VariantName = "[No Variations]"
Add component (AddParameter): Name = "Price"; Value = "0.14"; VariantName = "[No Variations]"
Add component (AddParameter): Name = "Ratings"; Value = "AEC-Q200"; VariantName = "[No Variations]"
Add component (AddParameter): Name = "Resistance"; Value = "3.3 MOhms"; VariantName = "[No Variations]"
Add component (AddParameter): Name = "Series"; Value = "RG"; VariantName = "[No Variations]"
Add component (AddParameter): Name = "Size / Dimension"; Value = "0.126" L x 0.063" W (3.20mm x 1.60mm)"; VariantName = "[No Variations]"
Add component (AddParameter): Name = "Supplier 1"; Value = "DigiKey"; VariantName = "[No Variations]"
Add component (AddParameter): Name = "Supplier Device Package"; Value = "1206"; VariantName = "[No Variations]"
Add component (AddParameter): Name = "Supplier Part Number 1"; Value = "408-2035-1-ND"; VariantName = "[No Variations]"
Add component (AddParameter): Name = "Temperature Coefficient"; Value = "±25ppm/°C"; VariantName = "[No Variations]"
Add component (AddParameter): Name = "Tolerance"; Value = "±0.1%"; VariantName = "[No Variations]"
Add component (AddParameter): Name = "Value"; Value = "3.3 MOhms"; VariantName = "[No Variations]"
Added Component: Designator=R21(RES 1206_3216)
Add component (AddParameter): Name = "ComponentLink1Description"; Value = "Datasheet"; VariantName = "[No Variations]"
Add component (AddParameter): Name = "ComponentLink1URL"; Value = "http://www.susumu.co.jp/common/pdf/n_catalog_partition01_en.pdf"; VariantName = "[No Variations]"
Add component (AddParameter): Name = "ComponentLink2Description"; Value = "DigiKey Link"; VariantName = "[No Variations]"
Add component (AddParameter): Name = "ComponentLink2URL"; Value = "https://www.digikey.com/en/products/detail/susumu/RG3216P-3304-B-T1/7035379"; VariantName = "[No Variations]"
Add component (AddParameter): Name = "Composition"; Value = "Thin Film"; VariantName = "[No Variations]"
Add component (AddParameter): Name = "Device Package"; Value = "1206 (3216 Metric)"; VariantName = "[No Variations]"
Add component (AddParameter): Name = "Features"; Value = "Anti-Sulfur, Automotive AEC-Q200"; VariantName = "[No Variations]"
Add component (AddParameter): Name = "Height - Seated (Max)"; Value = "0.020" (0.50mm)"; VariantName = "[No Variations]"
Add component (AddParameter): Name = "LastUpdated"; Value = "9/02/2024 8:54:00 PM"; VariantName = "[No Variations]"
Add component (AddParameter): Name = "Lifecycle Status"; Value = "Active"; VariantName = "[No Variations]"
Add component (AddParameter): Name = "Manufacturer"; Value = "Susumu"; VariantName = "[No Variations]"
Add component (AddParameter): Name = "Minimum Order"; Value = "1"; VariantName = "[No Variations]"
Add component (AddParameter): Name = "Number of Terminations"; Value = "2"; VariantName = "[No Variations]"
Add component (AddParameter): Name = "Operating Temperature"; Value = "-55°C ~ 155°C"; VariantName = "[No Variations]"
Add component (AddParameter): Name = "Package / Case"; Value = "1206 (3216 Metric)"; VariantName = "[No Variations]"
Add component (AddParameter): Name = "Packaging"; Value = "TapeAndReel"; VariantName = "[No Variations]"
Add component (AddParameter): Name = "Part Number"; Value = "RG3216P-3304-B-T1"; VariantName = "[No Variations]"
Add component (AddParameter): Name = "Part Status"; Value = "Active"; VariantName = "[No Variations]"
Add component (AddParameter): Name = "PartId"; Value = "38871"; VariantName = "[No Variations]"
Add component (AddParameter): Name = "Power (Watts)"; Value = "0.25W, 1/4W"; VariantName = "[No Variations]"
Add component (AddParameter): Name = "Price"; Value = "0.14"; VariantName = "[No Variations]"
Add component (AddParameter): Name = "Ratings"; Value = "AEC-Q200"; VariantName = "[No Variations]"
Add component (AddParameter): Name = "Resistance"; Value = "3.3 MOhms"; VariantName = "[No Variations]"
Add component (AddParameter): Name = "Series"; Value = "RG"; VariantName = "[No Variations]"
Add component (AddParameter): Name = "Size / Dimension"; Value = "0.126" L x 0.063" W (3.20mm x 1.60mm)"; VariantName = "[No Variations]"
Add component (AddParameter): Name = "Supplier 1"; Value = "DigiKey"; VariantName = "[No Variations]"
Add component (AddParameter): Name = "Supplier Device Package"; Value = "1206"; VariantName = "[No Variations]"
Add component (AddParameter): Name = "Supplier Part Number 1"; Value = "408-2035-1-ND"; VariantName = "[No Variations]"
Add component (AddParameter): Name = "Temperature Coefficient"; Value = "±25ppm/°C"; VariantName = "[No Variations]"
Add component (AddParameter): Name = "Tolerance"; Value = "±0.1%"; VariantName = "[No Variations]"
Add component (AddParameter): Name = "Value"; Value = "3.3 MOhms"; VariantName = "[No Variations]"
Added Component: Designator=R22(RES 1206_3216)
Add component (AddParameter): Name = "ComponentLink1Description"; Value = "Datasheet"; VariantName = "[No Variations]"
Add component (AddParameter): Name = "ComponentLink1URL"; Value = "http://www.susumu.co.jp/common/pdf/n_catalog_partition01_en.pdf"; VariantName = "[No Variations]"
Add component (AddParameter): Name = "ComponentLink2Description"; Value = "DigiKey Link"; VariantName = "[No Variations]"
Add component (AddParameter): Name = "ComponentLink2URL"; Value = "https://www.digikey.com/en/products/detail/susumu/RG3216P-3304-B-T1/7035379"; VariantName = "[No Variations]"
Add component (AddParameter): Name = "Composition"; Value = "Thin Film"; VariantName = "[No Variations]"
Add component (AddParameter): Name = "Device Package"; Value = "1206 (3216 Metric)"; VariantName = "[No Variations]"
Add component (AddParameter): Name = "Features"; Value = "Anti-Sulfur, Automotive AEC-Q200"; VariantName = "[No Variations]"
Add component (AddParameter): Name = "Height - Seated (Max)"; Value = "0.020" (0.50mm)"; VariantName = "[No Variations]"
Add component (AddParameter): Name = "LastUpdated"; Value = "9/02/2024 8:54:00 PM"; VariantName = "[No Variations]"
Add component (AddParameter): Name = "Lifecycle Status"; Value = "Active"; VariantName = "[No Variations]"
Add component (AddParameter): Name = "Manufacturer"; Value = "Susumu"; VariantName = "[No Variations]"
Add component (AddParameter): Name = "Minimum Order"; Value = "1"; VariantName = "[No Variations]"
Add component (AddParameter): Name = "Number of Terminations"; Value = "2"; VariantName = "[No Variations]"
Add component (AddParameter): Name = "Operating Temperature"; Value = "-55°C ~ 155°C"; VariantName = "[No Variations]"
Add component (AddParameter): Name = "Package / Case"; Value = "1206 (3216 Metric)"; VariantName = "[No Variations]"
Add component (AddParameter): Name = "Packaging"; Value = "TapeAndReel"; VariantName = "[No Variations]"
Add component (AddParameter): Name = "Part Number"; Value = "RG3216P-3304-B-T1"; VariantName = "[No Variations]"
Add component (AddParameter): Name = "Part Status"; Value = "Active"; VariantName = "[No Variations]"
Add component (AddParameter): Name = "PartId"; Value = "38871"; VariantName = "[No Variations]"
Add component (AddParameter): Name = "Power (Watts)"; Value = "0.25W, 1/4W"; VariantName = "[No Variations]"
Add component (AddParameter): Name = "Price"; Value = "0.14"; VariantName = "[No Variations]"
Add component (AddParameter): Name = "Ratings"; Value = "AEC-Q200"; VariantName = "[No Variations]"
Add component (AddParameter): Name = "Resistance"; Value = "3.3 MOhms"; VariantName = "[No Variations]"
Add component (AddParameter): Name = "Series"; Value = "RG"; VariantName = "[No Variations]"
Add component (AddParameter): Name = "Size / Dimension"; Value = "0.126" L x 0.063" W (3.20mm x 1.60mm)"; VariantName = "[No Variations]"
Add component (AddParameter): Name = "Supplier 1"; Value = "DigiKey"; VariantName = "[No Variations]"
Add component (AddParameter): Name = "Supplier Device Package"; Value = "1206"; VariantName = "[No Variations]"
Add component (AddParameter): Name = "Supplier Part Number 1"; Value = "408-2035-1-ND"; VariantName = "[No Variations]"
Add component (AddParameter): Name = "Temperature Coefficient"; Value = "±25ppm/°C"; VariantName = "[No Variations]"
Add component (AddParameter): Name = "Tolerance"; Value = "±0.1%"; VariantName = "[No Variations]"
Add component (AddParameter): Name = "Value"; Value = "3.3 MOhms"; VariantName = "[No Variations]"
Added Component: Designator=R23(RES 1210_3225)
Add component (AddParameter): Name = "ComponentLink1Description"; Value = "Datasheet"; VariantName = "[No Variations]"
Add component (AddParameter): Name = "ComponentLink1URL"; Value = "https://media.digikey.com/pdf/Data%20Sheets/Vishay%20Resistors/MP,%20MQ_Series.pdf"; VariantName = "[No Variations]"
Add component (AddParameter): Name = "ComponentLink2Description"; Value = "DigiKey Link"; VariantName = "[No Variations]"
Add component (AddParameter): Name = "ComponentLink2URL"; Value = "https://www.digikey.com/en/products/detail/vishay-foil-resistors-division-of-vishay-precision-group/MP30R00/8580916"; VariantName = "[No Variations]"
Add component (AddParameter): Name = "Composition"; Value = "Metal Foil"; VariantName = "[No Variations]"
Add component (AddParameter): Name = "Device Package"; Value = "1210 (3225 Metric)"; VariantName = "[No Variations]"
Add component (AddParameter): Name = "Height - Seated (Max)"; Value = "0.087" (2.20mm)"; VariantName = "[No Variations]"
Add component (AddParameter): Name = "LastUpdated"; Value = "3/06/2024 8:18:48 PM"; VariantName = "[No Variations]"
Add component (AddParameter): Name = "Lifecycle Status"; Value = "Active"; VariantName = "[No Variations]"
Add component (AddParameter): Name = "Manufacturer"; Value = "Vishay Foil Resistors (Division of Vishay Precision Group)"; VariantName = "[No Variations]"
Add component (AddParameter): Name = "Minimum Order"; Value = "1"; VariantName = "[No Variations]"
Add component (AddParameter): Name = "Number of Terminations"; Value = "2"; VariantName = "[No Variations]"
Add component (AddParameter): Name = "Operating Temperature"; Value = "-65°C ~ 175°C"; VariantName = "[No Variations]"
Add component (AddParameter): Name = "Package / Case"; Value = "1210 (3225 Metric)"; VariantName = "[No Variations]"
Add component (AddParameter): Name = "Packaging"; Value = "Bulk"; VariantName = "[No Variations]"
Add component (AddParameter): Name = "Part Number"; Value = "MP30R00"; VariantName = "[No Variations]"
Add component (AddParameter): Name = "Part Status"; Value = "Active"; VariantName = "[No Variations]"
Add component (AddParameter): Name = "Power (Watts)"; Value = "0.1W, 1/10W"; VariantName = "[No Variations]"
Add component (AddParameter): Name = "Price"; Value = "4.65"; VariantName = "[No Variations]"
Add component (AddParameter): Name = "Resistance"; Value = "30 Ohms"; VariantName = "[No Variations]"
Add component (AddParameter): Name = "Series"; Value = "MP"; VariantName = "[No Variations]"
Add component (AddParameter): Name = "Size / Dimension"; Value = "0.126" L x 0.098" W (3.20mm x 2.50mm)"; VariantName = "[No Variations]"
Add component (AddParameter): Name = "Supplier 1"; Value = "DigiKey"; VariantName = "[No Variations]"
Add component (AddParameter): Name = "Supplier Device Package"; Value = "2-SMD"; VariantName = "[No Variations]"
Add component (AddParameter): Name = "Supplier Part Number 1"; Value = "MP30R00-ND"; VariantName = "[No Variations]"
Add component (AddParameter): Name = "Temperature Coefficient"; Value = "±10ppm/°C"; VariantName = "[No Variations]"
Add component (AddParameter): Name = "Tolerance"; Value = "±0.1%"; VariantName = "[No Variations]"
Add component (AddParameter): Name = "Value"; Value = "30 Ohms"; VariantName = "[No Variations]"
Added Component: Designator=R24(RES 1210_3225)
Add component (AddParameter): Name = "ComponentLink1Description"; Value = "Datasheet"; VariantName = "[No Variations]"
Add component (AddParameter): Name = "ComponentLink1URL"; Value = "https://media.digikey.com/pdf/Data%20Sheets/Vishay%20Resistors/MP,%20MQ_Series.pdf"; VariantName = "[No Variations]"
Add component (AddParameter): Name = "ComponentLink2Description"; Value = "DigiKey Link"; VariantName = "[No Variations]"
Add component (AddParameter): Name = "ComponentLink2URL"; Value = "https://www.digikey.com/en/products/detail/vishay-foil-resistors-division-of-vishay-precision-group/MP30R00/8580916"; VariantName = "[No Variations]"
Add component (AddParameter): Name = "Composition"; Value = "Metal Foil"; VariantName = "[No Variations]"
Add component (AddParameter): Name = "Device Package"; Value = "1210 (3225 Metric)"; VariantName = "[No Variations]"
Add component (AddParameter): Name = "Height - Seated (Max)"; Value = "0.087" (2.20mm)"; VariantName = "[No Variations]"
Add component (AddParameter): Name = "LastUpdated"; Value = "3/06/2024 8:18:48 PM"; VariantName = "[No Variations]"
Add component (AddParameter): Name = "Lifecycle Status"; Value = "Active"; VariantName = "[No Variations]"
Add component (AddParameter): Name = "Manufacturer"; Value = "Vishay Foil Resistors (Division of Vishay Precision Group)"; VariantName = "[No Variations]"
Add component (AddParameter): Name = "Minimum Order"; Value = "1"; VariantName = "[No Variations]"
Add component (AddParameter): Name = "Number of Terminations"; Value = "2"; VariantName = "[No Variations]"
Add component (AddParameter): Name = "Operating Temperature"; Value = "-65°C ~ 175°C"; VariantName = "[No Variations]"
Add component (AddParameter): Name = "Package / Case"; Value = "1210 (3225 Metric)"; VariantName = "[No Variations]"
Add component (AddParameter): Name = "Packaging"; Value = "Bulk"; VariantName = "[No Variations]"
Add component (AddParameter): Name = "Part Number"; Value = "MP30R00"; VariantName = "[No Variations]"
Add component (AddParameter): Name = "Part Status"; Value = "Active"; VariantName = "[No Variations]"
Add component (AddParameter): Name = "Power (Watts)"; Value = "0.1W, 1/10W"; VariantName = "[No Variations]"
Add component (AddParameter): Name = "Price"; Value = "4.65"; VariantName = "[No Variations]"
Add component (AddParameter): Name = "Resistance"; Value = "30 Ohms"; VariantName = "[No Variations]"
Add component (AddParameter): Name = "Series"; Value = "MP"; VariantName = "[No Variations]"
Add component (AddParameter): Name = "Size / Dimension"; Value = "0.126" L x 0.098" W (3.20mm x 2.50mm)"; VariantName = "[No Variations]"
Add component (AddParameter): Name = "Supplier 1"; Value = "DigiKey"; VariantName = "[No Variations]"
Add component (AddParameter): Name = "Supplier Device Package"; Value = "2-SMD"; VariantName = "[No Variations]"
Add component (AddParameter): Name = "Supplier Part Number 1"; Value = "MP30R00-ND"; VariantName = "[No Variations]"
Add component (AddParameter): Name = "Temperature Coefficient"; Value = "±10ppm/°C"; VariantName = "[No Variations]"
Add component (AddParameter): Name = "Tolerance"; Value = "±0.1%"; VariantName = "[No Variations]"
Add component (AddParameter): Name = "Value"; Value = "30 Ohms"; VariantName = "[No Variations]"
Added Component: Designator=R25(RES 1206_3216)
Add component (AddParameter): Name = "ComponentLink1Description"; Value = "Datasheet"; VariantName = "[No Variations]"
Add component (AddParameter): Name = "ComponentLink1URL"; Value = "http://www.susumu.co.jp/common/pdf/n_catalog_partition01_en.pdf"; VariantName = "[No Variations]"
Add component (AddParameter): Name = "ComponentLink2Description"; Value = "DigiKey Link"; VariantName = "[No Variations]"
Add component (AddParameter): Name = "ComponentLink2URL"; Value = "https://www.digikey.com/en/products/detail/susumu/RG3216P-3304-B-T1/7035379"; VariantName = "[No Variations]"
Add component (AddParameter): Name = "Composition"; Value = "Thin Film"; VariantName = "[No Variations]"
Add component (AddParameter): Name = "Device Package"; Value = "1206 (3216 Metric)"; VariantName = "[No Variations]"
Add component (AddParameter): Name = "Features"; Value = "Anti-Sulfur, Automotive AEC-Q200"; VariantName = "[No Variations]"
Add component (AddParameter): Name = "Height - Seated (Max)"; Value = "0.020" (0.50mm)"; VariantName = "[No Variations]"
Add component (AddParameter): Name = "LastUpdated"; Value = "9/02/2024 8:54:00 PM"; VariantName = "[No Variations]"
Add component (AddParameter): Name = "Lifecycle Status"; Value = "Active"; VariantName = "[No Variations]"
Add component (AddParameter): Name = "Manufacturer"; Value = "Susumu"; VariantName = "[No Variations]"
Add component (AddParameter): Name = "Minimum Order"; Value = "1"; VariantName = "[No Variations]"
Add component (AddParameter): Name = "Number of Terminations"; Value = "2"; VariantName = "[No Variations]"
Add component (AddParameter): Name = "Operating Temperature"; Value = "-55°C ~ 155°C"; VariantName = "[No Variations]"
Add component (AddParameter): Name = "Package / Case"; Value = "1206 (3216 Metric)"; VariantName = "[No Variations]"
Add component (AddParameter): Name = "Packaging"; Value = "TapeAndReel"; VariantName = "[No Variations]"
Add component (AddParameter): Name = "Part Number"; Value = "RG3216P-3304-B-T1"; VariantName = "[No Variations]"
Add component (AddParameter): Name = "Part Status"; Value = "Active"; VariantName = "[No Variations]"
Add component (AddParameter): Name = "PartId"; Value = "38871"; VariantName = "[No Variations]"
Add component (AddParameter): Name = "Power (Watts)"; Value = "0.25W, 1/4W"; VariantName = "[No Variations]"
Add component (AddParameter): Name = "Price"; Value = "0.14"; VariantName = "[No Variations]"
Add component (AddParameter): Name = "Ratings"; Value = "AEC-Q200"; VariantName = "[No Variations]"
Add component (AddParameter): Name = "Resistance"; Value = "3.3 MOhms"; VariantName = "[No Variations]"
Add component (AddParameter): Name = "Series"; Value = "RG"; VariantName = "[No Variations]"
Add component (AddParameter): Name = "Size / Dimension"; Value = "0.126" L x 0.063" W (3.20mm x 1.60mm)"; VariantName = "[No Variations]"
Add component (AddParameter): Name = "Supplier 1"; Value = "DigiKey"; VariantName = "[No Variations]"
Add component (AddParameter): Name = "Supplier Device Package"; Value = "1206"; VariantName = "[No Variations]"
Add component (AddParameter): Name = "Supplier Part Number 1"; Value = "408-2035-1-ND"; VariantName = "[No Variations]"
Add component (AddParameter): Name = "Temperature Coefficient"; Value = "±25ppm/°C"; VariantName = "[No Variations]"
Add component (AddParameter): Name = "Tolerance"; Value = "±0.1%"; VariantName = "[No Variations]"
Add component (AddParameter): Name = "Value"; Value = "3.3 MOhms"; VariantName = "[No Variations]"
Added Component: Designator=R26(RES 1206_3216)
Add component (AddParameter): Name = "ComponentLink1Description"; Value = "Datasheet"; VariantName = "[No Variations]"
Add component (AddParameter): Name = "ComponentLink1URL"; Value = "http://www.susumu.co.jp/common/pdf/n_catalog_partition01_en.pdf"; VariantName = "[No Variations]"
Add component (AddParameter): Name = "ComponentLink2Description"; Value = "DigiKey Link"; VariantName = "[No Variations]"
Add component (AddParameter): Name = "ComponentLink2URL"; Value = "https://www.digikey.com/en/products/detail/susumu/RG3216P-3304-B-T1/7035379"; VariantName = "[No Variations]"
Add component (AddParameter): Name = "Composition"; Value = "Thin Film"; VariantName = "[No Variations]"
Add component (AddParameter): Name = "Device Package"; Value = "1206 (3216 Metric)"; VariantName = "[No Variations]"
Add component (AddParameter): Name = "Features"; Value = "Anti-Sulfur, Automotive AEC-Q200"; VariantName = "[No Variations]"
Add component (AddParameter): Name = "Height - Seated (Max)"; Value = "0.020" (0.50mm)"; VariantName = "[No Variations]"
Add component (AddParameter): Name = "LastUpdated"; Value = "9/02/2024 8:54:00 PM"; VariantName = "[No Variations]"
Add component (AddParameter): Name = "Lifecycle Status"; Value = "Active"; VariantName = "[No Variations]"
Add component (AddParameter): Name = "Manufacturer"; Value = "Susumu"; VariantName = "[No Variations]"
Add component (AddParameter): Name = "Minimum Order"; Value = "1"; VariantName = "[No Variations]"
Add component (AddParameter): Name = "Number of Terminations"; Value = "2"; VariantName = "[No Variations]"
Add component (AddParameter): Name = "Operating Temperature"; Value = "-55°C ~ 155°C"; VariantName = "[No Variations]"
Add component (AddParameter): Name = "Package / Case"; Value = "1206 (3216 Metric)"; VariantName = "[No Variations]"
Add component (AddParameter): Name = "Packaging"; Value = "TapeAndReel"; VariantName = "[No Variations]"
Add component (AddParameter): Name = "Part Number"; Value = "RG3216P-3304-B-T1"; VariantName = "[No Variations]"
Add component (AddParameter): Name = "Part Status"; Value = "Active"; VariantName = "[No Variations]"
Add component (AddParameter): Name = "PartId"; Value = "38871"; VariantName = "[No Variations]"
Add component (AddParameter): Name = "Power (Watts)"; Value = "0.25W, 1/4W"; VariantName = "[No Variations]"
Add component (AddParameter): Name = "Price"; Value = "0.14"; VariantName = "[No Variations]"
Add component (AddParameter): Name = "Ratings"; Value = "AEC-Q200"; VariantName = "[No Variations]"
Add component (AddParameter): Name = "Resistance"; Value = "3.3 MOhms"; VariantName = "[No Variations]"
Add component (AddParameter): Name = "Series"; Value = "RG"; VariantName = "[No Variations]"
Add component (AddParameter): Name = "Size / Dimension"; Value = "0.126" L x 0.063" W (3.20mm x 1.60mm)"; VariantName = "[No Variations]"
Add component (AddParameter): Name = "Supplier 1"; Value = "DigiKey"; VariantName = "[No Variations]"
Add component (AddParameter): Name = "Supplier Device Package"; Value = "1206"; VariantName = "[No Variations]"
Add component (AddParameter): Name = "Supplier Part Number 1"; Value = "408-2035-1-ND"; VariantName = "[No Variations]"
Add component (AddParameter): Name = "Temperature Coefficient"; Value = "±25ppm/°C"; VariantName = "[No Variations]"
Add component (AddParameter): Name = "Tolerance"; Value = "±0.1%"; VariantName = "[No Variations]"
Add component (AddParameter): Name = "Value"; Value = "3.3 MOhms"; VariantName = "[No Variations]"
Added Component: Designator=R27(RES 1206_3216)
Add component (AddParameter): Name = "ComponentLink1Description"; Value = "Datasheet"; VariantName = "[No Variations]"
Add component (AddParameter): Name = "ComponentLink1URL"; Value = "http://www.susumu.co.jp/common/pdf/n_catalog_partition01_en.pdf"; VariantName = "[No Variations]"
Add component (AddParameter): Name = "ComponentLink2Description"; Value = "DigiKey Link"; VariantName = "[No Variations]"
Add component (AddParameter): Name = "ComponentLink2URL"; Value = "https://www.digikey.com/en/products/detail/susumu/RG3216P-3304-B-T1/7035379"; VariantName = "[No Variations]"
Add component (AddParameter): Name = "Composition"; Value = "Thin Film"; VariantName = "[No Variations]"
Add component (AddParameter): Name = "Device Package"; Value = "1206 (3216 Metric)"; VariantName = "[No Variations]"
Add component (AddParameter): Name = "Features"; Value = "Anti-Sulfur, Automotive AEC-Q200"; VariantName = "[No Variations]"
Add component (AddParameter): Name = "Height - Seated (Max)"; Value = "0.020" (0.50mm)"; VariantName = "[No Variations]"
Add component (AddParameter): Name = "LastUpdated"; Value = "9/02/2024 8:54:00 PM"; VariantName = "[No Variations]"
Add component (AddParameter): Name = "Lifecycle Status"; Value = "Active"; VariantName = "[No Variations]"
Add component (AddParameter): Name = "Manufacturer"; Value = "Susumu"; VariantName = "[No Variations]"
Add component (AddParameter): Name = "Minimum Order"; Value = "1"; VariantName = "[No Variations]"
Add component (AddParameter): Name = "Number of Terminations"; Value = "2"; VariantName = "[No Variations]"
Add component (AddParameter): Name = "Operating Temperature"; Value = "-55°C ~ 155°C"; VariantName = "[No Variations]"
Add component (AddParameter): Name = "Package / Case"; Value = "1206 (3216 Metric)"; VariantName = "[No Variations]"
Add component (AddParameter): Name = "Packaging"; Value = "TapeAndReel"; VariantName = "[No Variations]"
Add component (AddParameter): Name = "Part Number"; Value = "RG3216P-3304-B-T1"; VariantName = "[No Variations]"
Add component (AddParameter): Name = "Part Status"; Value = "Active"; VariantName = "[No Variations]"
Add component (AddParameter): Name = "PartId"; Value = "38871"; VariantName = "[No Variations]"
Add component (AddParameter): Name = "Power (Watts)"; Value = "0.25W, 1/4W"; VariantName = "[No Variations]"
Add component (AddParameter): Name = "Price"; Value = "0.14"; VariantName = "[No Variations]"
Add component (AddParameter): Name = "Ratings"; Value = "AEC-Q200"; VariantName = "[No Variations]"
Add component (AddParameter): Name = "Resistance"; Value = "3.3 MOhms"; VariantName = "[No Variations]"
Add component (AddParameter): Name = "Series"; Value = "RG"; VariantName = "[No Variations]"
Add component (AddParameter): Name = "Size / Dimension"; Value = "0.126" L x 0.063" W (3.20mm x 1.60mm)"; VariantName = "[No Variations]"
Add component (AddParameter): Name = "Supplier 1"; Value = "DigiKey"; VariantName = "[No Variations]"
Add component (AddParameter): Name = "Supplier Device Package"; Value = "1206"; VariantName = "[No Variations]"
Add component (AddParameter): Name = "Supplier Part Number 1"; Value = "408-2035-1-ND"; VariantName = "[No Variations]"
Add component (AddParameter): Name = "Temperature Coefficient"; Value = "±25ppm/°C"; VariantName = "[No Variations]"
Add component (AddParameter): Name = "Tolerance"; Value = "±0.1%"; VariantName = "[No Variations]"
Add component (AddParameter): Name = "Value"; Value = "3.3 MOhms"; VariantName = "[No Variations]"
Added Component: Designator=R28(RES 1206_3216)
Add component (AddParameter): Name = "ComponentLink1Description"; Value = "Datasheet"; VariantName = "[No Variations]"
Add component (AddParameter): Name = "ComponentLink1URL"; Value = "http://www.susumu.co.jp/common/pdf/n_catalog_partition01_en.pdf"; VariantName = "[No Variations]"
Add component (AddParameter): Name = "ComponentLink2Description"; Value = "DigiKey Link"; VariantName = "[No Variations]"
Add component (AddParameter): Name = "ComponentLink2URL"; Value = "https://www.digikey.com/en/products/detail/susumu/RG3216P-3304-B-T1/7035379"; VariantName = "[No Variations]"
Add component (AddParameter): Name = "Composition"; Value = "Thin Film"; VariantName = "[No Variations]"
Add component (AddParameter): Name = "Device Package"; Value = "1206 (3216 Metric)"; VariantName = "[No Variations]"
Add component (AddParameter): Name = "Features"; Value = "Anti-Sulfur, Automotive AEC-Q200"; VariantName = "[No Variations]"
Add component (AddParameter): Name = "Height - Seated (Max)"; Value = "0.020" (0.50mm)"; VariantName = "[No Variations]"
Add component (AddParameter): Name = "LastUpdated"; Value = "9/02/2024 8:54:00 PM"; VariantName = "[No Variations]"
Add component (AddParameter): Name = "Lifecycle Status"; Value = "Active"; VariantName = "[No Variations]"
Add component (AddParameter): Name = "Manufacturer"; Value = "Susumu"; VariantName = "[No Variations]"
Add component (AddParameter): Name = "Minimum Order"; Value = "1"; VariantName = "[No Variations]"
Add component (AddParameter): Name = "Number of Terminations"; Value = "2"; VariantName = "[No Variations]"
Add component (AddParameter): Name = "Operating Temperature"; Value = "-55°C ~ 155°C"; VariantName = "[No Variations]"
Add component (AddParameter): Name = "Package / Case"; Value = "1206 (3216 Metric)"; VariantName = "[No Variations]"
Add component (AddParameter): Name = "Packaging"; Value = "TapeAndReel"; VariantName = "[No Variations]"
Add component (AddParameter): Name = "Part Number"; Value = "RG3216P-3304-B-T1"; VariantName = "[No Variations]"
Add component (AddParameter): Name = "Part Status"; Value = "Active"; VariantName = "[No Variations]"
Add component (AddParameter): Name = "PartId"; Value = "38871"; VariantName = "[No Variations]"
Add component (AddParameter): Name = "Power (Watts)"; Value = "0.25W, 1/4W"; VariantName = "[No Variations]"
Add component (AddParameter): Name = "Price"; Value = "0.14"; VariantName = "[No Variations]"
Add component (AddParameter): Name = "Ratings"; Value = "AEC-Q200"; VariantName = "[No Variations]"
Add component (AddParameter): Name = "Resistance"; Value = "3.3 MOhms"; VariantName = "[No Variations]"
Add component (AddParameter): Name = "Series"; Value = "RG"; VariantName = "[No Variations]"
Add component (AddParameter): Name = "Size / Dimension"; Value = "0.126" L x 0.063" W (3.20mm x 1.60mm)"; VariantName = "[No Variations]"
Add component (AddParameter): Name = "Supplier 1"; Value = "DigiKey"; VariantName = "[No Variations]"
Add component (AddParameter): Name = "Supplier Device Package"; Value = "1206"; VariantName = "[No Variations]"
Add component (AddParameter): Name = "Supplier Part Number 1"; Value = "408-2035-1-ND"; VariantName = "[No Variations]"
Add component (AddParameter): Name = "Temperature Coefficient"; Value = "±25ppm/°C"; VariantName = "[No Variations]"
Add component (AddParameter): Name = "Tolerance"; Value = "±0.1%"; VariantName = "[No Variations]"
Add component (AddParameter): Name = "Value"; Value = "3.3 MOhms"; VariantName = "[No Variations]"
Added Component: Designator=R29(RES 1206_3216)
Add component (AddParameter): Name = "ComponentLink1Description"; Value = "Datasheet"; VariantName = "[No Variations]"
Add component (AddParameter): Name = "ComponentLink1URL"; Value = "http://www.susumu.co.jp/common/pdf/n_catalog_partition01_en.pdf"; VariantName = "[No Variations]"
Add component (AddParameter): Name = "ComponentLink2Description"; Value = "DigiKey Link"; VariantName = "[No Variations]"
Add component (AddParameter): Name = "ComponentLink2URL"; Value = "https://www.digikey.com/en/products/detail/susumu/RG3216P-3304-B-T1/7035379"; VariantName = "[No Variations]"
Add component (AddParameter): Name = "Composition"; Value = "Thin Film"; VariantName = "[No Variations]"
Add component (AddParameter): Name = "Device Package"; Value = "1206 (3216 Metric)"; VariantName = "[No Variations]"
Add component (AddParameter): Name = "Features"; Value = "Anti-Sulfur, Automotive AEC-Q200"; VariantName = "[No Variations]"
Add component (AddParameter): Name = "Height - Seated (Max)"; Value = "0.020" (0.50mm)"; VariantName = "[No Variations]"
Add component (AddParameter): Name = "LastUpdated"; Value = "9/02/2024 8:54:00 PM"; VariantName = "[No Variations]"
Add component (AddParameter): Name = "Lifecycle Status"; Value = "Active"; VariantName = "[No Variations]"
Add component (AddParameter): Name = "Manufacturer"; Value = "Susumu"; VariantName = "[No Variations]"
Add component (AddParameter): Name = "Minimum Order"; Value = "1"; VariantName = "[No Variations]"
Add component (AddParameter): Name = "Number of Terminations"; Value = "2"; VariantName = "[No Variations]"
Add component (AddParameter): Name = "Operating Temperature"; Value = "-55°C ~ 155°C"; VariantName = "[No Variations]"
Add component (AddParameter): Name = "Package / Case"; Value = "1206 (3216 Metric)"; VariantName = "[No Variations]"
Add component (AddParameter): Name = "Packaging"; Value = "TapeAndReel"; VariantName = "[No Variations]"
Add component (AddParameter): Name = "Part Number"; Value = "RG3216P-3304-B-T1"; VariantName = "[No Variations]"
Add component (AddParameter): Name = "Part Status"; Value = "Active"; VariantName = "[No Variations]"
Add component (AddParameter): Name = "PartId"; Value = "38871"; VariantName = "[No Variations]"
Add component (AddParameter): Name = "Power (Watts)"; Value = "0.25W, 1/4W"; VariantName = "[No Variations]"
Add component (AddParameter): Name = "Price"; Value = "0.14"; VariantName = "[No Variations]"
Add component (AddParameter): Name = "Ratings"; Value = "AEC-Q200"; VariantName = "[No Variations]"
Add component (AddParameter): Name = "Resistance"; Value = "3.3 MOhms"; VariantName = "[No Variations]"
Add component (AddParameter): Name = "Series"; Value = "RG"; VariantName = "[No Variations]"
Add component (AddParameter): Name = "Size / Dimension"; Value = "0.126" L x 0.063" W (3.20mm x 1.60mm)"; VariantName = "[No Variations]"
Add component (AddParameter): Name = "Supplier 1"; Value = "DigiKey"; VariantName = "[No Variations]"
Add component (AddParameter): Name = "Supplier Device Package"; Value = "1206"; VariantName = "[No Variations]"
Add component (AddParameter): Name = "Supplier Part Number 1"; Value = "408-2035-1-ND"; VariantName = "[No Variations]"
Add component (AddParameter): Name = "Temperature Coefficient"; Value = "±25ppm/°C"; VariantName = "[No Variations]"
Add component (AddParameter): Name = "Tolerance"; Value = "±0.1%"; VariantName = "[No Variations]"
Add component (AddParameter): Name = "Value"; Value = "3.3 MOhms"; VariantName = "[No Variations]"
Added Component: Designator=R30(RES 1206_3216)
Add component (AddParameter): Name = "ComponentLink1Description"; Value = "Datasheet"; VariantName = "[No Variations]"
Add component (AddParameter): Name = "ComponentLink1URL"; Value = "http://www.susumu.co.jp/common/pdf/n_catalog_partition01_en.pdf"; VariantName = "[No Variations]"
Add component (AddParameter): Name = "ComponentLink2Description"; Value = "DigiKey Link"; VariantName = "[No Variations]"
Add component (AddParameter): Name = "ComponentLink2URL"; Value = "https://www.digikey.com/en/products/detail/susumu/RG3216P-3304-B-T1/7035379"; VariantName = "[No Variations]"
Add component (AddParameter): Name = "Composition"; Value = "Thin Film"; VariantName = "[No Variations]"
Add component (AddParameter): Name = "Device Package"; Value = "1206 (3216 Metric)"; VariantName = "[No Variations]"
Add component (AddParameter): Name = "Features"; Value = "Anti-Sulfur, Automotive AEC-Q200"; VariantName = "[No Variations]"
Add component (AddParameter): Name = "Height - Seated (Max)"; Value = "0.020" (0.50mm)"; VariantName = "[No Variations]"
Add component (AddParameter): Name = "LastUpdated"; Value = "9/02/2024 8:54:00 PM"; VariantName = "[No Variations]"
Add component (AddParameter): Name = "Lifecycle Status"; Value = "Active"; VariantName = "[No Variations]"
Add component (AddParameter): Name = "Manufacturer"; Value = "Susumu"; VariantName = "[No Variations]"
Add component (AddParameter): Name = "Minimum Order"; Value = "1"; VariantName = "[No Variations]"
Add component (AddParameter): Name = "Number of Terminations"; Value = "2"; VariantName = "[No Variations]"
Add component (AddParameter): Name = "Operating Temperature"; Value = "-55°C ~ 155°C"; VariantName = "[No Variations]"
Add component (AddParameter): Name = "Package / Case"; Value = "1206 (3216 Metric)"; VariantName = "[No Variations]"
Add component (AddParameter): Name = "Packaging"; Value = "TapeAndReel"; VariantName = "[No Variations]"
Add component (AddParameter): Name = "Part Number"; Value = "RG3216P-3304-B-T1"; VariantName = "[No Variations]"
Add component (AddParameter): Name = "Part Status"; Value = "Active"; VariantName = "[No Variations]"
Add component (AddParameter): Name = "PartId"; Value = "38871"; VariantName = "[No Variations]"
Add component (AddParameter): Name = "Power (Watts)"; Value = "0.25W, 1/4W"; VariantName = "[No Variations]"
Add component (AddParameter): Name = "Price"; Value = "0.14"; VariantName = "[No Variations]"
Add component (AddParameter): Name = "Ratings"; Value = "AEC-Q200"; VariantName = "[No Variations]"
Add component (AddParameter): Name = "Resistance"; Value = "3.3 MOhms"; VariantName = "[No Variations]"
Add component (AddParameter): Name = "Series"; Value = "RG"; VariantName = "[No Variations]"
Add component (AddParameter): Name = "Size / Dimension"; Value = "0.126" L x 0.063" W (3.20mm x 1.60mm)"; VariantName = "[No Variations]"
Add component (AddParameter): Name = "Supplier 1"; Value = "DigiKey"; VariantName = "[No Variations]"
Add component (AddParameter): Name = "Supplier Device Package"; Value = "1206"; VariantName = "[No Variations]"
Add component (AddParameter): Name = "Supplier Part Number 1"; Value = "408-2035-1-ND"; VariantName = "[No Variations]"
Add component (AddParameter): Name = "Temperature Coefficient"; Value = "±25ppm/°C"; VariantName = "[No Variations]"
Add component (AddParameter): Name = "Tolerance"; Value = "±0.1%"; VariantName = "[No Variations]"
Add component (AddParameter): Name = "Value"; Value = "3.3 MOhms"; VariantName = "[No Variations]"
Added Component: Designator=R31(RES 1210_3225)
Add component (AddParameter): Name = "ComponentLink1Description"; Value = "Datasheet"; VariantName = "[No Variations]"
Add component (AddParameter): Name = "ComponentLink1URL"; Value = "https://www.seielect.com/catalog/sei-rmcf_rmcp.pdf"; VariantName = "[No Variations]"
Add component (AddParameter): Name = "ComponentLink2Description"; Value = "DigiKey Link"; VariantName = "[No Variations]"
Add component (AddParameter): Name = "ComponentLink2URL"; Value = "https://www.digikey.com/en/products/detail/stackpole-electronics-inc/RMCF1210JT820K/1757292"; VariantName = "[No Variations]"
Add component (AddParameter): Name = "Composition"; Value = "Thick Film"; VariantName = "[No Variations]"
Add component (AddParameter): Name = "Device Package"; Value = "1210 (3225 Metric)"; VariantName = "[No Variations]"
Add component (AddParameter): Name = "Features"; Value = "Automotive AEC-Q200"; VariantName = "[No Variations]"
Add component (AddParameter): Name = "Height - Seated (Max)"; Value = "0.028" (0.70mm)"; VariantName = "[No Variations]"
Add component (AddParameter): Name = "LastUpdated"; Value = "3/06/2024 8:18:51 PM"; VariantName = "[No Variations]"
Add component (AddParameter): Name = "Lifecycle Status"; Value = "Active"; VariantName = "[No Variations]"
Add component (AddParameter): Name = "Manufacturer"; Value = "Stackpole Electronics Inc"; VariantName = "[No Variations]"
Add component (AddParameter): Name = "Minimum Order"; Value = "1"; VariantName = "[No Variations]"
Add component (AddParameter): Name = "Number of Terminations"; Value = "2"; VariantName = "[No Variations]"
Add component (AddParameter): Name = "Operating Temperature"; Value = "-55°C ~ 155°C"; VariantName = "[No Variations]"
Add component (AddParameter): Name = "Package / Case"; Value = "1210 (3225 Metric)"; VariantName = "[No Variations]"
Add component (AddParameter): Name = "Packaging"; Value = "TapeAndReel"; VariantName = "[No Variations]"
Add component (AddParameter): Name = "Part Number"; Value = "RMCF1210JT820K"; VariantName = "[No Variations]"
Add component (AddParameter): Name = "Part Status"; Value = "Active"; VariantName = "[No Variations]"
Add component (AddParameter): Name = "Power (Watts)"; Value = "0.333W, 1/3W"; VariantName = "[No Variations]"
Add component (AddParameter): Name = "Price"; Value = "0.02"; VariantName = "[No Variations]"
Add component (AddParameter): Name = "Ratings"; Value = "AEC-Q200"; VariantName = "[No Variations]"
Add component (AddParameter): Name = "Resistance"; Value = "820 kOhms"; VariantName = "[No Variations]"
Add component (AddParameter): Name = "Series"; Value = "RMCF"; VariantName = "[No Variations]"
Add component (AddParameter): Name = "Size / Dimension"; Value = "0.126" L x 0.098" W (3.20mm x 2.50mm)"; VariantName = "[No Variations]"
Add component (AddParameter): Name = "Supplier 1"; Value = "DigiKey"; VariantName = "[No Variations]"
Add component (AddParameter): Name = "Supplier Device Package"; Value = "1210"; VariantName = "[No Variations]"
Add component (AddParameter): Name = "Supplier Part Number 1"; Value = "RMCF1210JT820KCT-ND"; VariantName = "[No Variations]"
Add component (AddParameter): Name = "Temperature Coefficient"; Value = "±200ppm/°C"; VariantName = "[No Variations]"
Add component (AddParameter): Name = "Tolerance"; Value = "±5%"; VariantName = "[No Variations]"
Add component (AddParameter): Name = "Value"; Value = "820 kOhms"; VariantName = "[No Variations]"
Added Component: Designator=R32(RES 1210_3225)
Add component (AddParameter): Name = "ComponentLink1Description"; Value = "Datasheet"; VariantName = "[No Variations]"
Add component (AddParameter): Name = "ComponentLink1URL"; Value = "http://www.vishay.com/docs/28758/tnpw_e3.pdf"; VariantName = "[No Variations]"
Add component (AddParameter): Name = "ComponentLink2Description"; Value = "DigiKey Link"; VariantName = "[No Variations]"
Add component (AddParameter): Name = "ComponentLink2URL"; Value = "https://www.digikey.com/en/products/detail/vishay-dale/TNPW121010K0BEEN/1611704"; VariantName = "[No Variations]"
Add component (AddParameter): Name = "Composition"; Value = "Thin Film"; VariantName = "[No Variations]"
Add component (AddParameter): Name = "Device Package"; Value = "1210 (3225 Metric)"; VariantName = "[No Variations]"
Add component (AddParameter): Name = "Features"; Value = "Anti-Sulfur, Automotive AEC-Q200, Moisture Resistant"; VariantName = "[No Variations]"
Add component (AddParameter): Name = "Height - Seated (Max)"; Value = "0.030" (0.75mm)"; VariantName = "[No Variations]"
Add component (AddParameter): Name = "LastUpdated"; Value = "3/06/2024 8:18:52 PM"; VariantName = "[No Variations]"
Add component (AddParameter): Name = "Lifecycle Status"; Value = "Active"; VariantName = "[No Variations]"
Add component (AddParameter): Name = "Manufacturer"; Value = "Vishay Dale"; VariantName = "[No Variations]"
Add component (AddParameter): Name = "Minimum Order"; Value = "1"; VariantName = "[No Variations]"
Add component (AddParameter): Name = "Number of Terminations"; Value = "2"; VariantName = "[No Variations]"
Add component (AddParameter): Name = "Operating Temperature"; Value = "-55°C ~ 155°C"; VariantName = "[No Variations]"
Add component (AddParameter): Name = "Package / Case"; Value = "1210 (3225 Metric)"; VariantName = "[No Variations]"
Add component (AddParameter): Name = "Packaging"; Value = "TapeAndReel"; VariantName = "[No Variations]"
Add component (AddParameter): Name = "Part Number"; Value = "TNPW121010K0BEEN"; VariantName = "[No Variations]"
Add component (AddParameter): Name = "Part Status"; Value = "Active"; VariantName = "[No Variations]"
Add component (AddParameter): Name = "Power (Watts)"; Value = "0.5W, 1/2W"; VariantName = "[No Variations]"
Add component (AddParameter): Name = "Price"; Value = "0.91"; VariantName = "[No Variations]"
Add component (AddParameter): Name = "Ratings"; Value = "AEC-Q200"; VariantName = "[No Variations]"
Add component (AddParameter): Name = "Resistance"; Value = "10 kOhms"; VariantName = "[No Variations]"
Add component (AddParameter): Name = "Series"; Value = "TNPW e3"; VariantName = "[No Variations]"
Add component (AddParameter): Name = "Size / Dimension"; Value = "0.126" L x 0.096" W (3.20mm x 2.45mm)"; VariantName = "[No Variations]"
Add component (AddParameter): Name = "Supplier 1"; Value = "DigiKey"; VariantName = "[No Variations]"
Add component (AddParameter): Name = "Supplier Device Package"; Value = "1210"; VariantName = "[No Variations]"
Add component (AddParameter): Name = "Supplier Part Number 1"; Value = "541-TNPW121010K0BEENCT-ND"; VariantName = "[No Variations]"
Add component (AddParameter): Name = "Temperature Coefficient"; Value = "±25ppm/°C"; VariantName = "[No Variations]"
Add component (AddParameter): Name = "Tolerance"; Value = "±0.1%"; VariantName = "[No Variations]"
Add component (AddParameter): Name = "Value"; Value = "10 kOhms"; VariantName = "[No Variations]"
Added Component: Designator=R33(RES 1210_3225)
Add component (AddParameter): Name = "ComponentLink1Description"; Value = "Datasheet"; VariantName = "[No Variations]"
Add component (AddParameter): Name = "ComponentLink1URL"; Value = "http://www.vishay.com/docs/28758/tnpw_e3.pdf"; VariantName = "[No Variations]"
Add component (AddParameter): Name = "ComponentLink2Description"; Value = "DigiKey Link"; VariantName = "[No Variations]"
Add component (AddParameter): Name = "ComponentLink2URL"; Value = "https://www.digikey.com/en/products/detail/vishay-dale/TNPW121010K0BEEN/1611704"; VariantName = "[No Variations]"
Add component (AddParameter): Name = "Composition"; Value = "Thin Film"; VariantName = "[No Variations]"
Add component (AddParameter): Name = "Device Package"; Value = "1210 (3225 Metric)"; VariantName = "[No Variations]"
Add component (AddParameter): Name = "Features"; Value = "Anti-Sulfur, Automotive AEC-Q200, Moisture Resistant"; VariantName = "[No Variations]"
Add component (AddParameter): Name = "Height - Seated (Max)"; Value = "0.030" (0.75mm)"; VariantName = "[No Variations]"
Add component (AddParameter): Name = "LastUpdated"; Value = "3/06/2024 8:18:52 PM"; VariantName = "[No Variations]"
Add component (AddParameter): Name = "Lifecycle Status"; Value = "Active"; VariantName = "[No Variations]"
Add component (AddParameter): Name = "Manufacturer"; Value = "Vishay Dale"; VariantName = "[No Variations]"
Add component (AddParameter): Name = "Minimum Order"; Value = "1"; VariantName = "[No Variations]"
Add component (AddParameter): Name = "Number of Terminations"; Value = "2"; VariantName = "[No Variations]"
Add component (AddParameter): Name = "Operating Temperature"; Value = "-55°C ~ 155°C"; VariantName = "[No Variations]"
Add component (AddParameter): Name = "Package / Case"; Value = "1210 (3225 Metric)"; VariantName = "[No Variations]"
Add component (AddParameter): Name = "Packaging"; Value = "TapeAndReel"; VariantName = "[No Variations]"
Add component (AddParameter): Name = "Part Number"; Value = "TNPW121010K0BEEN"; VariantName = "[No Variations]"
Add component (AddParameter): Name = "Part Status"; Value = "Active"; VariantName = "[No Variations]"
Add component (AddParameter): Name = "Power (Watts)"; Value = "0.5W, 1/2W"; VariantName = "[No Variations]"
Add component (AddParameter): Name = "Price"; Value = "0.91"; VariantName = "[No Variations]"
Add component (AddParameter): Name = "Ratings"; Value = "AEC-Q200"; VariantName = "[No Variations]"
Add component (AddParameter): Name = "Resistance"; Value = "10 kOhms"; VariantName = "[No Variations]"
Add component (AddParameter): Name = "Series"; Value = "TNPW e3"; VariantName = "[No Variations]"
Add component (AddParameter): Name = "Size / Dimension"; Value = "0.126" L x 0.096" W (3.20mm x 2.45mm)"; VariantName = "[No Variations]"
Add component (AddParameter): Name = "Supplier 1"; Value = "DigiKey"; VariantName = "[No Variations]"
Add component (AddParameter): Name = "Supplier Device Package"; Value = "1210"; VariantName = "[No Variations]"
Add component (AddParameter): Name = "Supplier Part Number 1"; Value = "541-TNPW121010K0BEENCT-ND"; VariantName = "[No Variations]"
Add component (AddParameter): Name = "Temperature Coefficient"; Value = "±25ppm/°C"; VariantName = "[No Variations]"
Add component (AddParameter): Name = "Tolerance"; Value = "±0.1%"; VariantName = "[No Variations]"
Add component (AddParameter): Name = "Value"; Value = "10 kOhms"; VariantName = "[No Variations]"
Added Component: Designator=R34(RES 1206_3216)
Add component (AddParameter): Name = "ComponentLink1Description"; Value = "Datasheet"; VariantName = "[No Variations]"
Add component (AddParameter): Name = "ComponentLink1URL"; Value = "https://www.seielect.com/catalog/sei-rmcf_rmcp.pdf"; VariantName = "[No Variations]"
Add component (AddParameter): Name = "ComponentLink2Description"; Value = "DigiKey Link"; VariantName = "[No Variations]"
Add component (AddParameter): Name = "ComponentLink2URL"; Value = "https://www.digikey.com/en/products/detail/stackpole-electronics-inc/RMCF1206FT40K2/1754014"; VariantName = "[No Variations]"
Add component (AddParameter): Name = "Composition"; Value = "Thick Film"; VariantName = "[No Variations]"
Add component (AddParameter): Name = "Device Package"; Value = "1206 (3216 Metric)"; VariantName = "[No Variations]"
Add component (AddParameter): Name = "Features"; Value = "Automotive AEC-Q200"; VariantName = "[No Variations]"
Add component (AddParameter): Name = "Height - Seated (Max)"; Value = "0.028" (0.70mm)"; VariantName = "[No Variations]"
Add component (AddParameter): Name = "LastUpdated"; Value = "9/02/2024 8:54:45 PM"; VariantName = "[No Variations]"
Add component (AddParameter): Name = "Lifecycle Status"; Value = "Active"; VariantName = "[No Variations]"
Add component (AddParameter): Name = "Manufacturer"; Value = "Stackpole Electronics Inc"; VariantName = "[No Variations]"
Add component (AddParameter): Name = "Minimum Order"; Value = "1"; VariantName = "[No Variations]"
Add component (AddParameter): Name = "Number of Terminations"; Value = "2"; VariantName = "[No Variations]"
Add component (AddParameter): Name = "Operating Temperature"; Value = "-55°C ~ 155°C"; VariantName = "[No Variations]"
Add component (AddParameter): Name = "Package / Case"; Value = "1206 (3216 Metric)"; VariantName = "[No Variations]"
Add component (AddParameter): Name = "Packaging"; Value = "TapeAndReel"; VariantName = "[No Variations]"
Add component (AddParameter): Name = "Part Number"; Value = "RMCF1206FT40K2"; VariantName = "[No Variations]"
Add component (AddParameter): Name = "Part Status"; Value = "Active"; VariantName = "[No Variations]"
Add component (AddParameter): Name = "PartId"; Value = "26907"; VariantName = "[No Variations]"
Add component (AddParameter): Name = "Power (Watts)"; Value = "0.25W, 1/4W"; VariantName = "[No Variations]"
Add component (AddParameter): Name = "Price"; Value = "0.01"; VariantName = "[No Variations]"
Add component (AddParameter): Name = "Ratings"; Value = "AEC-Q200"; VariantName = "[No Variations]"
Add component (AddParameter): Name = "Resistance"; Value = "40.2 kOhms"; VariantName = "[No Variations]"
Add component (AddParameter): Name = "Series"; Value = "RMCF"; VariantName = "[No Variations]"
Add component (AddParameter): Name = "Size / Dimension"; Value = "0.126" L x 0.063" W (3.20mm x 1.60mm)"; VariantName = "[No Variations]"
Add component (AddParameter): Name = "Supplier 1"; Value = "DigiKey"; VariantName = "[No Variations]"
Add component (AddParameter): Name = "Supplier Device Package"; Value = "1206"; VariantName = "[No Variations]"
Add component (AddParameter): Name = "Supplier Part Number 1"; Value = "RMCF1206FT40K2CT-ND"; VariantName = "[No Variations]"
Add component (AddParameter): Name = "Temperature Coefficient"; Value = "±100ppm/°C"; VariantName = "[No Variations]"
Add component (AddParameter): Name = "Tolerance"; Value = "±1%"; VariantName = "[No Variations]"
Add component (AddParameter): Name = "Value"; Value = "40.2 kOhms"; VariantName = "[No Variations]"
Added Component: Designator=R35(RES 1206_3216)
Add component (AddParameter): Name = "ComponentLink1Description"; Value = "Datasheet"; VariantName = "[No Variations]"
Add component (AddParameter): Name = "ComponentLink1URL"; Value = "https://www.seielect.com/catalog/sei-rmcf_rmcp.pdf"; VariantName = "[No Variations]"
Add component (AddParameter): Name = "ComponentLink2Description"; Value = "DigiKey Link"; VariantName = "[No Variations]"
Add component (AddParameter): Name = "ComponentLink2URL"; Value = "https://www.digikey.com/en/products/detail/stackpole-electronics-inc/RMCF1206FT40K2/1754014"; VariantName = "[No Variations]"
Add component (AddParameter): Name = "Composition"; Value = "Thick Film"; VariantName = "[No Variations]"
Add component (AddParameter): Name = "Device Package"; Value = "1206 (3216 Metric)"; VariantName = "[No Variations]"
Add component (AddParameter): Name = "Features"; Value = "Automotive AEC-Q200"; VariantName = "[No Variations]"
Add component (AddParameter): Name = "Height - Seated (Max)"; Value = "0.028" (0.70mm)"; VariantName = "[No Variations]"
Add component (AddParameter): Name = "LastUpdated"; Value = "9/02/2024 8:54:45 PM"; VariantName = "[No Variations]"
Add component (AddParameter): Name = "Lifecycle Status"; Value = "Active"; VariantName = "[No Variations]"
Add component (AddParameter): Name = "Manufacturer"; Value = "Stackpole Electronics Inc"; VariantName = "[No Variations]"
Add component (AddParameter): Name = "Minimum Order"; Value = "1"; VariantName = "[No Variations]"
Add component (AddParameter): Name = "Number of Terminations"; Value = "2"; VariantName = "[No Variations]"
Add component (AddParameter): Name = "Operating Temperature"; Value = "-55°C ~ 155°C"; VariantName = "[No Variations]"
Add component (AddParameter): Name = "Package / Case"; Value = "1206 (3216 Metric)"; VariantName = "[No Variations]"
Add component (AddParameter): Name = "Packaging"; Value = "TapeAndReel"; VariantName = "[No Variations]"
Add component (AddParameter): Name = "Part Number"; Value = "RMCF1206FT40K2"; VariantName = "[No Variations]"
Add component (AddParameter): Name = "Part Status"; Value = "Active"; VariantName = "[No Variations]"
Add component (AddParameter): Name = "PartId"; Value = "26907"; VariantName = "[No Variations]"
Add component (AddParameter): Name = "Power (Watts)"; Value = "0.25W, 1/4W"; VariantName = "[No Variations]"
Add component (AddParameter): Name = "Price"; Value = "0.01"; VariantName = "[No Variations]"
Add component (AddParameter): Name = "Ratings"; Value = "AEC-Q200"; VariantName = "[No Variations]"
Add component (AddParameter): Name = "Resistance"; Value = "40.2 kOhms"; VariantName = "[No Variations]"
Add component (AddParameter): Name = "Series"; Value = "RMCF"; VariantName = "[No Variations]"
Add component (AddParameter): Name = "Size / Dimension"; Value = "0.126" L x 0.063" W (3.20mm x 1.60mm)"; VariantName = "[No Variations]"
Add component (AddParameter): Name = "Supplier 1"; Value = "DigiKey"; VariantName = "[No Variations]"
Add component (AddParameter): Name = "Supplier Device Package"; Value = "1206"; VariantName = "[No Variations]"
Add component (AddParameter): Name = "Supplier Part Number 1"; Value = "RMCF1206FT40K2CT-ND"; VariantName = "[No Variations]"
Add component (AddParameter): Name = "Temperature Coefficient"; Value = "±100ppm/°C"; VariantName = "[No Variations]"
Add component (AddParameter): Name = "Tolerance"; Value = "±1%"; VariantName = "[No Variations]"
Add component (AddParameter): Name = "Value"; Value = "40.2 kOhms"; VariantName = "[No Variations]"
Added Component: Designator=R36(RES 2512_6432)
Add component (AddParameter): Name = "componentlink1description"; Value = "Datasheet"; VariantName = "[No Variations]"
Add component (AddParameter): Name = "componentlink1url"; Value = "http://www.koaspeer.com/catimages/Products/RK73H/RK73H.pdf"; VariantName = "[No Variations]"
Add component (AddParameter): Name = "componentlink2description"; Value = "DigiKey Link"; VariantName = "[No Variations]"
Add component (AddParameter): Name = "componentlink2url"; Value = "http://digikey.com/product-detail/en/koa-speer-electronics-inc/RK73H3ATTE28R0F/2019-RK73H3ATTE28R0FCT-ND/10425047"; VariantName = "[No Variations]"
Add component (AddParameter): Name = "Composition"; Value = "Thick Film"; VariantName = "[No Variations]"
Add component (AddParameter): Name = "Device Package"; Value = "2512 (6432 Metric)"; VariantName = "[No Variations]"
Add component (AddParameter): Name = "Features"; Value = "Automotive AEC-Q200, Moisture Resistant"; VariantName = "[No Variations]"
Add component (AddParameter): Name = "Height - Seated (Max)"; Value = "0.028" (0.70mm)"; VariantName = "[No Variations]"
Add component (AddParameter): Name = "lastupdated"; Value = "11/04/2023 8:12:36 PM"; VariantName = "[No Variations]"
Add component (AddParameter): Name = "Lifecycle Status"; Value = "Active"; VariantName = "[No Variations]"
Add component (AddParameter): Name = "manufacturer"; Value = "KOA Speer Electronics, Inc."; VariantName = "[No Variations]"
Add component (AddParameter): Name = "Minimum Order"; Value = "1"; VariantName = "[No Variations]"
Add component (AddParameter): Name = "Number of Terminations"; Value = "2"; VariantName = "[No Variations]"
Add component (AddParameter): Name = "Operating Temperature"; Value = "-55°C ~ 155°C"; VariantName = "[No Variations]"
Add component (AddParameter): Name = "Package / Case"; Value = "2512 (6432 Metric)"; VariantName = "[No Variations]"
Add component (AddParameter): Name = "packaging"; Value = "TapeAndReel"; VariantName = "[No Variations]"
Add component (AddParameter): Name = "Part Number"; Value = "RK73H3ATTE28R0F"; VariantName = "[No Variations]"
Add component (AddParameter): Name = "Part Status"; Value = "Active"; VariantName = "[No Variations]"
Add component (AddParameter): Name = "Power (Watts)"; Value = "1W"; VariantName = "[No Variations]"
Add component (AddParameter): Name = "price"; Value = "0.05"; VariantName = "[No Variations]"
Add component (AddParameter): Name = "Ratings"; Value = "AEC-Q200"; VariantName = "[No Variations]"
Add component (AddParameter): Name = "Resistance"; Value = "28 Ohms"; VariantName = "[No Variations]"
Add component (AddParameter): Name = "series"; Value = "RK73H"; VariantName = "[No Variations]"
Add component (AddParameter): Name = "Size / Dimension"; Value = "0.248" L x 0.122" W (6.30mm x 3.10mm)"; VariantName = "[No Variations]"
Add component (AddParameter): Name = "Supplier 1"; Value = "DigiKey"; VariantName = "[No Variations]"
Add component (AddParameter): Name = "Supplier Device Package"; Value = "2512"; VariantName = "[No Variations]"
Add component (AddParameter): Name = "Supplier Part Number 1"; Value = "2019-RK73H3ATTE28R0FCT-ND"; VariantName = "[No Variations]"
Add component (AddParameter): Name = "Temperature Coefficient"; Value = "±100ppm/°C"; VariantName = "[No Variations]"
Add component (AddParameter): Name = "Tolerance"; Value = "±1%"; VariantName = "[No Variations]"
Add component (AddParameter): Name = "value"; Value = "28 Ohms"; VariantName = "[No Variations]"
Added Component: Designator=R37(RES 2512_6432)
Add component (AddParameter): Name = "componentlink1description"; Value = "Datasheet"; VariantName = "[No Variations]"
Add component (AddParameter): Name = "componentlink1url"; Value = "http://www.koaspeer.com/catimages/Products/RK73H/RK73H.pdf"; VariantName = "[No Variations]"
Add component (AddParameter): Name = "componentlink2description"; Value = "DigiKey Link"; VariantName = "[No Variations]"
Add component (AddParameter): Name = "componentlink2url"; Value = "http://digikey.com/product-detail/en/koa-speer-electronics-inc/RK73H3ATTE28R0F/2019-RK73H3ATTE28R0FCT-ND/10425047"; VariantName = "[No Variations]"
Add component (AddParameter): Name = "Composition"; Value = "Thick Film"; VariantName = "[No Variations]"
Add component (AddParameter): Name = "Device Package"; Value = "2512 (6432 Metric)"; VariantName = "[No Variations]"
Add component (AddParameter): Name = "Features"; Value = "Automotive AEC-Q200, Moisture Resistant"; VariantName = "[No Variations]"
Add component (AddParameter): Name = "Height - Seated (Max)"; Value = "0.028" (0.70mm)"; VariantName = "[No Variations]"
Add component (AddParameter): Name = "lastupdated"; Value = "11/04/2023 8:12:36 PM"; VariantName = "[No Variations]"
Add component (AddParameter): Name = "Lifecycle Status"; Value = "Active"; VariantName = "[No Variations]"
Add component (AddParameter): Name = "manufacturer"; Value = "KOA Speer Electronics, Inc."; VariantName = "[No Variations]"
Add component (AddParameter): Name = "Minimum Order"; Value = "1"; VariantName = "[No Variations]"
Add component (AddParameter): Name = "Number of Terminations"; Value = "2"; VariantName = "[No Variations]"
Add component (AddParameter): Name = "Operating Temperature"; Value = "-55°C ~ 155°C"; VariantName = "[No Variations]"
Add component (AddParameter): Name = "Package / Case"; Value = "2512 (6432 Metric)"; VariantName = "[No Variations]"
Add component (AddParameter): Name = "packaging"; Value = "TapeAndReel"; VariantName = "[No Variations]"
Add component (AddParameter): Name = "Part Number"; Value = "RK73H3ATTE28R0F"; VariantName = "[No Variations]"
Add component (AddParameter): Name = "Part Status"; Value = "Active"; VariantName = "[No Variations]"
Add component (AddParameter): Name = "Power (Watts)"; Value = "1W"; VariantName = "[No Variations]"
Add component (AddParameter): Name = "price"; Value = "0.05"; VariantName = "[No Variations]"
Add component (AddParameter): Name = "Ratings"; Value = "AEC-Q200"; VariantName = "[No Variations]"
Add component (AddParameter): Name = "Resistance"; Value = "28 Ohms"; VariantName = "[No Variations]"
Add component (AddParameter): Name = "series"; Value = "RK73H"; VariantName = "[No Variations]"
Add component (AddParameter): Name = "Size / Dimension"; Value = "0.248" L x 0.122" W (6.30mm x 3.10mm)"; VariantName = "[No Variations]"
Add component (AddParameter): Name = "Supplier 1"; Value = "DigiKey"; VariantName = "[No Variations]"
Add component (AddParameter): Name = "Supplier Device Package"; Value = "2512"; VariantName = "[No Variations]"
Add component (AddParameter): Name = "Supplier Part Number 1"; Value = "2019-RK73H3ATTE28R0FCT-ND"; VariantName = "[No Variations]"
Add component (AddParameter): Name = "Temperature Coefficient"; Value = "±100ppm/°C"; VariantName = "[No Variations]"
Add component (AddParameter): Name = "Tolerance"; Value = "±1%"; VariantName = "[No Variations]"
Add component (AddParameter): Name = "value"; Value = "28 Ohms"; VariantName = "[No Variations]"
Added Component: Designator=R38(RES 1210_3225)
Add component (AddParameter): Name = "ComponentLink1Description"; Value = "Datasheet"; VariantName = "[No Variations]"
Add component (AddParameter): Name = "ComponentLink1URL"; Value = "https://www.vishay.com/docs/68043/crma.pdf"; VariantName = "[No Variations]"
Add component (AddParameter): Name = "ComponentLink2Description"; Value = "DigiKey Link"; VariantName = "[No Variations]"
Add component (AddParameter): Name = "ComponentLink2URL"; Value = "https://www.digikey.com/en/products/detail/vishay-dale/CRMA1210AF10K0FKEF/13998641"; VariantName = "[No Variations]"
Add component (AddParameter): Name = "Composition"; Value = "Thick Film"; VariantName = "[No Variations]"
Add component (AddParameter): Name = "Device Package"; Value = "1210 (3225 Metric)"; VariantName = "[No Variations]"
Add component (AddParameter): Name = "Features"; Value = "Automotive AEC-Q200, Moisture Resistant"; VariantName = "[No Variations]"
Add component (AddParameter): Name = "Height - Seated (Max)"; Value = "0.029" (0.74mm)"; VariantName = "[No Variations]"
Add component (AddParameter): Name = "LastUpdated"; Value = "3/06/2024 8:18:49 PM"; VariantName = "[No Variations]"
Add component (AddParameter): Name = "Lifecycle Status"; Value = "Active"; VariantName = "[No Variations]"
Add component (AddParameter): Name = "Manufacturer"; Value = "Vishay Dale"; VariantName = "[No Variations]"
Add component (AddParameter): Name = "Minimum Order"; Value = "1"; VariantName = "[No Variations]"
Add component (AddParameter): Name = "Number of Terminations"; Value = "2"; VariantName = "[No Variations]"
Add component (AddParameter): Name = "Operating Temperature"; Value = "-55°C ~ 155°C"; VariantName = "[No Variations]"
Add component (AddParameter): Name = "Package / Case"; Value = "1210 (3225 Metric)"; VariantName = "[No Variations]"
Add component (AddParameter): Name = "Packaging"; Value = "TapeAndReel"; VariantName = "[No Variations]"
Add component (AddParameter): Name = "Part Number"; Value = "CRMA1210AF10K0FKEF"; VariantName = "[No Variations]"
Add component (AddParameter): Name = "Part Status"; Value = "Active"; VariantName = "[No Variations]"
Add component (AddParameter): Name = "Power (Watts)"; Value = "0.35W"; VariantName = "[No Variations]"
Add component (AddParameter): Name = "Price"; Value = "0.17"; VariantName = "[No Variations]"
Add component (AddParameter): Name = "Ratings"; Value = "AEC-Q200"; VariantName = "[No Variations]"
Add component (AddParameter): Name = "Resistance"; Value = "10 kOhms"; VariantName = "[No Variations]"
Add component (AddParameter): Name = "Series"; Value = "CRMA"; VariantName = "[No Variations]"
Add component (AddParameter): Name = "Size / Dimension"; Value = "0.125" L x 0.100" W (3.18mm x 2.54mm)"; VariantName = "[No Variations]"
Add component (AddParameter): Name = "Supplier 1"; Value = "DigiKey"; VariantName = "[No Variations]"
Add component (AddParameter): Name = "Supplier Device Package"; Value = "1210"; VariantName = "[No Variations]"
Add component (AddParameter): Name = "Supplier Part Number 1"; Value = "541-CRMA1210AF10K0FKEFCT-ND"; VariantName = "[No Variations]"
Add component (AddParameter): Name = "Temperature Coefficient"; Value = "±100ppm/°C"; VariantName = "[No Variations]"
Add component (AddParameter): Name = "Tolerance"; Value = "±1%"; VariantName = "[No Variations]"
Add component (AddParameter): Name = "Value"; Value = "10 kOhms"; VariantName = "[No Variations]"
Added Component: Designator=R39(RES 1210_3225)
Add component (AddParameter): Name = "ComponentLink1Description"; Value = "Datasheet"; VariantName = "[No Variations]"
Add component (AddParameter): Name = "ComponentLink1URL"; Value = "https://www.vishay.com/docs/68043/crma.pdf"; VariantName = "[No Variations]"
Add component (AddParameter): Name = "ComponentLink2Description"; Value = "DigiKey Link"; VariantName = "[No Variations]"
Add component (AddParameter): Name = "ComponentLink2URL"; Value = "https://www.digikey.com/en/products/detail/vishay-dale/CRMA1210AF10K0FKEF/13998641"; VariantName = "[No Variations]"
Add component (AddParameter): Name = "Composition"; Value = "Thick Film"; VariantName = "[No Variations]"
Add component (AddParameter): Name = "Device Package"; Value = "1210 (3225 Metric)"; VariantName = "[No Variations]"
Add component (AddParameter): Name = "Features"; Value = "Automotive AEC-Q200, Moisture Resistant"; VariantName = "[No Variations]"
Add component (AddParameter): Name = "Height - Seated (Max)"; Value = "0.029" (0.74mm)"; VariantName = "[No Variations]"
Add component (AddParameter): Name = "LastUpdated"; Value = "3/06/2024 8:18:49 PM"; VariantName = "[No Variations]"
Add component (AddParameter): Name = "Lifecycle Status"; Value = "Active"; VariantName = "[No Variations]"
Add component (AddParameter): Name = "Manufacturer"; Value = "Vishay Dale"; VariantName = "[No Variations]"
Add component (AddParameter): Name = "Minimum Order"; Value = "1"; VariantName = "[No Variations]"
Add component (AddParameter): Name = "Number of Terminations"; Value = "2"; VariantName = "[No Variations]"
Add component (AddParameter): Name = "Operating Temperature"; Value = "-55°C ~ 155°C"; VariantName = "[No Variations]"
Add component (AddParameter): Name = "Package / Case"; Value = "1210 (3225 Metric)"; VariantName = "[No Variations]"
Add component (AddParameter): Name = "Packaging"; Value = "TapeAndReel"; VariantName = "[No Variations]"
Add component (AddParameter): Name = "Part Number"; Value = "CRMA1210AF10K0FKEF"; VariantName = "[No Variations]"
Add component (AddParameter): Name = "Part Status"; Value = "Active"; VariantName = "[No Variations]"
Add component (AddParameter): Name = "Power (Watts)"; Value = "0.35W"; VariantName = "[No Variations]"
Add component (AddParameter): Name = "Price"; Value = "0.17"; VariantName = "[No Variations]"
Add component (AddParameter): Name = "Ratings"; Value = "AEC-Q200"; VariantName = "[No Variations]"
Add component (AddParameter): Name = "Resistance"; Value = "10 kOhms"; VariantName = "[No Variations]"
Add component (AddParameter): Name = "Series"; Value = "CRMA"; VariantName = "[No Variations]"
Add component (AddParameter): Name = "Size / Dimension"; Value = "0.125" L x 0.100" W (3.18mm x 2.54mm)"; VariantName = "[No Variations]"
Add component (AddParameter): Name = "Supplier 1"; Value = "DigiKey"; VariantName = "[No Variations]"
Add component (AddParameter): Name = "Supplier Device Package"; Value = "1210"; VariantName = "[No Variations]"
Add component (AddParameter): Name = "Supplier Part Number 1"; Value = "541-CRMA1210AF10K0FKEFCT-ND"; VariantName = "[No Variations]"
Add component (AddParameter): Name = "Temperature Coefficient"; Value = "±100ppm/°C"; VariantName = "[No Variations]"
Add component (AddParameter): Name = "Tolerance"; Value = "±1%"; VariantName = "[No Variations]"
Add component (AddParameter): Name = "Value"; Value = "10 kOhms"; VariantName = "[No Variations]"
Added Component: Designator=R40(RES 1210_3225)
Add component (AddParameter): Name = "ComponentLink1Description"; Value = "Datasheet"; VariantName = "[No Variations]"
Add component (AddParameter): Name = "ComponentLink1URL"; Value = "https://www.vishay.com/docs/68043/crma.pdf"; VariantName = "[No Variations]"
Add component (AddParameter): Name = "ComponentLink2Description"; Value = "DigiKey Link"; VariantName = "[No Variations]"
Add component (AddParameter): Name = "ComponentLink2URL"; Value = "https://www.digikey.com/en/products/detail/vishay-dale/CRMA1210AF10K0FKEF/13998641"; VariantName = "[No Variations]"
Add component (AddParameter): Name = "Composition"; Value = "Thick Film"; VariantName = "[No Variations]"
Add component (AddParameter): Name = "Device Package"; Value = "1210 (3225 Metric)"; VariantName = "[No Variations]"
Add component (AddParameter): Name = "Features"; Value = "Automotive AEC-Q200, Moisture Resistant"; VariantName = "[No Variations]"
Add component (AddParameter): Name = "Height - Seated (Max)"; Value = "0.029" (0.74mm)"; VariantName = "[No Variations]"
Add component (AddParameter): Name = "LastUpdated"; Value = "3/06/2024 8:18:49 PM"; VariantName = "[No Variations]"
Add component (AddParameter): Name = "Lifecycle Status"; Value = "Active"; VariantName = "[No Variations]"
Add component (AddParameter): Name = "Manufacturer"; Value = "Vishay Dale"; VariantName = "[No Variations]"
Add component (AddParameter): Name = "Minimum Order"; Value = "1"; VariantName = "[No Variations]"
Add component (AddParameter): Name = "Number of Terminations"; Value = "2"; VariantName = "[No Variations]"
Add component (AddParameter): Name = "Operating Temperature"; Value = "-55°C ~ 155°C"; VariantName = "[No Variations]"
Add component (AddParameter): Name = "Package / Case"; Value = "1210 (3225 Metric)"; VariantName = "[No Variations]"
Add component (AddParameter): Name = "Packaging"; Value = "TapeAndReel"; VariantName = "[No Variations]"
Add component (AddParameter): Name = "Part Number"; Value = "CRMA1210AF10K0FKEF"; VariantName = "[No Variations]"
Add component (AddParameter): Name = "Part Status"; Value = "Active"; VariantName = "[No Variations]"
Add component (AddParameter): Name = "Power (Watts)"; Value = "0.35W"; VariantName = "[No Variations]"
Add component (AddParameter): Name = "Price"; Value = "0.17"; VariantName = "[No Variations]"
Add component (AddParameter): Name = "Ratings"; Value = "AEC-Q200"; VariantName = "[No Variations]"
Add component (AddParameter): Name = "Resistance"; Value = "10 kOhms"; VariantName = "[No Variations]"
Add component (AddParameter): Name = "Series"; Value = "CRMA"; VariantName = "[No Variations]"
Add component (AddParameter): Name = "Size / Dimension"; Value = "0.125" L x 0.100" W (3.18mm x 2.54mm)"; VariantName = "[No Variations]"
Add component (AddParameter): Name = "Supplier 1"; Value = "DigiKey"; VariantName = "[No Variations]"
Add component (AddParameter): Name = "Supplier Device Package"; Value = "1210"; VariantName = "[No Variations]"
Add component (AddParameter): Name = "Supplier Part Number 1"; Value = "541-CRMA1210AF10K0FKEFCT-ND"; VariantName = "[No Variations]"
Add component (AddParameter): Name = "Temperature Coefficient"; Value = "±100ppm/°C"; VariantName = "[No Variations]"
Add component (AddParameter): Name = "Tolerance"; Value = "±1%"; VariantName = "[No Variations]"
Add component (AddParameter): Name = "Value"; Value = "10 kOhms"; VariantName = "[No Variations]"
Added Component: Designator=R41(RES 1210_3225)
Add component (AddParameter): Name = "ComponentLink1Description"; Value = "Datasheet"; VariantName = "[No Variations]"
Add component (AddParameter): Name = "ComponentLink1URL"; Value = "https://www.vishay.com/docs/68043/crma.pdf"; VariantName = "[No Variations]"
Add component (AddParameter): Name = "ComponentLink2Description"; Value = "DigiKey Link"; VariantName = "[No Variations]"
Add component (AddParameter): Name = "ComponentLink2URL"; Value = "https://www.digikey.com/en/products/detail/vishay-dale/CRMA1210AF10K0FKEF/13998641"; VariantName = "[No Variations]"
Add component (AddParameter): Name = "Composition"; Value = "Thick Film"; VariantName = "[No Variations]"
Add component (AddParameter): Name = "Device Package"; Value = "1210 (3225 Metric)"; VariantName = "[No Variations]"
Add component (AddParameter): Name = "Features"; Value = "Automotive AEC-Q200, Moisture Resistant"; VariantName = "[No Variations]"
Add component (AddParameter): Name = "Height - Seated (Max)"; Value = "0.029" (0.74mm)"; VariantName = "[No Variations]"
Add component (AddParameter): Name = "LastUpdated"; Value = "3/06/2024 8:18:49 PM"; VariantName = "[No Variations]"
Add component (AddParameter): Name = "Lifecycle Status"; Value = "Active"; VariantName = "[No Variations]"
Add component (AddParameter): Name = "Manufacturer"; Value = "Vishay Dale"; VariantName = "[No Variations]"
Add component (AddParameter): Name = "Minimum Order"; Value = "1"; VariantName = "[No Variations]"
Add component (AddParameter): Name = "Number of Terminations"; Value = "2"; VariantName = "[No Variations]"
Add component (AddParameter): Name = "Operating Temperature"; Value = "-55°C ~ 155°C"; VariantName = "[No Variations]"
Add component (AddParameter): Name = "Package / Case"; Value = "1210 (3225 Metric)"; VariantName = "[No Variations]"
Add component (AddParameter): Name = "Packaging"; Value = "TapeAndReel"; VariantName = "[No Variations]"
Add component (AddParameter): Name = "Part Number"; Value = "CRMA1210AF10K0FKEF"; VariantName = "[No Variations]"
Add component (AddParameter): Name = "Part Status"; Value = "Active"; VariantName = "[No Variations]"
Add component (AddParameter): Name = "Power (Watts)"; Value = "0.35W"; VariantName = "[No Variations]"
Add component (AddParameter): Name = "Price"; Value = "0.17"; VariantName = "[No Variations]"
Add component (AddParameter): Name = "Ratings"; Value = "AEC-Q200"; VariantName = "[No Variations]"
Add component (AddParameter): Name = "Resistance"; Value = "10 kOhms"; VariantName = "[No Variations]"
Add component (AddParameter): Name = "Series"; Value = "CRMA"; VariantName = "[No Variations]"
Add component (AddParameter): Name = "Size / Dimension"; Value = "0.125" L x 0.100" W (3.18mm x 2.54mm)"; VariantName = "[No Variations]"
Add component (AddParameter): Name = "Supplier 1"; Value = "DigiKey"; VariantName = "[No Variations]"
Add component (AddParameter): Name = "Supplier Device Package"; Value = "1210"; VariantName = "[No Variations]"
Add component (AddParameter): Name = "Supplier Part Number 1"; Value = "541-CRMA1210AF10K0FKEFCT-ND"; VariantName = "[No Variations]"
Add component (AddParameter): Name = "Temperature Coefficient"; Value = "±100ppm/°C"; VariantName = "[No Variations]"
Add component (AddParameter): Name = "Tolerance"; Value = "±1%"; VariantName = "[No Variations]"
Add component (AddParameter): Name = "Value"; Value = "10 kOhms"; VariantName = "[No Variations]"
Added Component: Designator=R42(RES 1210_3225)
Add component (AddParameter): Name = "ComponentLink1Description"; Value = "Datasheet"; VariantName = "[No Variations]"
Add component (AddParameter): Name = "ComponentLink1URL"; Value = "https://www.vishay.com/docs/68043/crma.pdf"; VariantName = "[No Variations]"
Add component (AddParameter): Name = "ComponentLink2Description"; Value = "DigiKey Link"; VariantName = "[No Variations]"
Add component (AddParameter): Name = "ComponentLink2URL"; Value = "https://www.digikey.com/en/products/detail/vishay-dale/CRMA1210AF10K0FKEF/13998641"; VariantName = "[No Variations]"
Add component (AddParameter): Name = "Composition"; Value = "Thick Film"; VariantName = "[No Variations]"
Add component (AddParameter): Name = "Device Package"; Value = "1210 (3225 Metric)"; VariantName = "[No Variations]"
Add component (AddParameter): Name = "Features"; Value = "Automotive AEC-Q200, Moisture Resistant"; VariantName = "[No Variations]"
Add component (AddParameter): Name = "Height - Seated (Max)"; Value = "0.029" (0.74mm)"; VariantName = "[No Variations]"
Add component (AddParameter): Name = "LastUpdated"; Value = "3/06/2024 8:18:49 PM"; VariantName = "[No Variations]"
Add component (AddParameter): Name = "Lifecycle Status"; Value = "Active"; VariantName = "[No Variations]"
Add component (AddParameter): Name = "Manufacturer"; Value = "Vishay Dale"; VariantName = "[No Variations]"
Add component (AddParameter): Name = "Minimum Order"; Value = "1"; VariantName = "[No Variations]"
Add component (AddParameter): Name = "Number of Terminations"; Value = "2"; VariantName = "[No Variations]"
Add component (AddParameter): Name = "Operating Temperature"; Value = "-55°C ~ 155°C"; VariantName = "[No Variations]"
Add component (AddParameter): Name = "Package / Case"; Value = "1210 (3225 Metric)"; VariantName = "[No Variations]"
Add component (AddParameter): Name = "Packaging"; Value = "TapeAndReel"; VariantName = "[No Variations]"
Add component (AddParameter): Name = "Part Number"; Value = "CRMA1210AF10K0FKEF"; VariantName = "[No Variations]"
Add component (AddParameter): Name = "Part Status"; Value = "Active"; VariantName = "[No Variations]"
Add component (AddParameter): Name = "Power (Watts)"; Value = "0.35W"; VariantName = "[No Variations]"
Add component (AddParameter): Name = "Price"; Value = "0.17"; VariantName = "[No Variations]"
Add component (AddParameter): Name = "Ratings"; Value = "AEC-Q200"; VariantName = "[No Variations]"
Add component (AddParameter): Name = "Resistance"; Value = "10 kOhms"; VariantName = "[No Variations]"
Add component (AddParameter): Name = "Series"; Value = "CRMA"; VariantName = "[No Variations]"
Add component (AddParameter): Name = "Size / Dimension"; Value = "0.125" L x 0.100" W (3.18mm x 2.54mm)"; VariantName = "[No Variations]"
Add component (AddParameter): Name = "Supplier 1"; Value = "DigiKey"; VariantName = "[No Variations]"
Add component (AddParameter): Name = "Supplier Device Package"; Value = "1210"; VariantName = "[No Variations]"
Add component (AddParameter): Name = "Supplier Part Number 1"; Value = "541-CRMA1210AF10K0FKEFCT-ND"; VariantName = "[No Variations]"
Add component (AddParameter): Name = "Temperature Coefficient"; Value = "±100ppm/°C"; VariantName = "[No Variations]"
Add component (AddParameter): Name = "Tolerance"; Value = "±1%"; VariantName = "[No Variations]"
Add component (AddParameter): Name = "Value"; Value = "10 kOhms"; VariantName = "[No Variations]"
Added Component: Designator=R43(RES 1210_3225)
Add component (AddParameter): Name = "ComponentLink1Description"; Value = "Datasheet"; VariantName = "[No Variations]"
Add component (AddParameter): Name = "ComponentLink1URL"; Value = "https://www.vishay.com/docs/68043/crma.pdf"; VariantName = "[No Variations]"
Add component (AddParameter): Name = "ComponentLink2Description"; Value = "DigiKey Link"; VariantName = "[No Variations]"
Add component (AddParameter): Name = "ComponentLink2URL"; Value = "https://www.digikey.com/en/products/detail/vishay-dale/CRMA1210AF10K0FKEF/13998641"; VariantName = "[No Variations]"
Add component (AddParameter): Name = "Composition"; Value = "Thick Film"; VariantName = "[No Variations]"
Add component (AddParameter): Name = "Device Package"; Value = "1210 (3225 Metric)"; VariantName = "[No Variations]"
Add component (AddParameter): Name = "Features"; Value = "Automotive AEC-Q200, Moisture Resistant"; VariantName = "[No Variations]"
Add component (AddParameter): Name = "Height - Seated (Max)"; Value = "0.029" (0.74mm)"; VariantName = "[No Variations]"
Add component (AddParameter): Name = "LastUpdated"; Value = "3/06/2024 8:18:49 PM"; VariantName = "[No Variations]"
Add component (AddParameter): Name = "Lifecycle Status"; Value = "Active"; VariantName = "[No Variations]"
Add component (AddParameter): Name = "Manufacturer"; Value = "Vishay Dale"; VariantName = "[No Variations]"
Add component (AddParameter): Name = "Minimum Order"; Value = "1"; VariantName = "[No Variations]"
Add component (AddParameter): Name = "Number of Terminations"; Value = "2"; VariantName = "[No Variations]"
Add component (AddParameter): Name = "Operating Temperature"; Value = "-55°C ~ 155°C"; VariantName = "[No Variations]"
Add component (AddParameter): Name = "Package / Case"; Value = "1210 (3225 Metric)"; VariantName = "[No Variations]"
Add component (AddParameter): Name = "Packaging"; Value = "TapeAndReel"; VariantName = "[No Variations]"
Add component (AddParameter): Name = "Part Number"; Value = "CRMA1210AF10K0FKEF"; VariantName = "[No Variations]"
Add component (AddParameter): Name = "Part Status"; Value = "Active"; VariantName = "[No Variations]"
Add component (AddParameter): Name = "Power (Watts)"; Value = "0.35W"; VariantName = "[No Variations]"
Add component (AddParameter): Name = "Price"; Value = "0.17"; VariantName = "[No Variations]"
Add component (AddParameter): Name = "Ratings"; Value = "AEC-Q200"; VariantName = "[No Variations]"
Add component (AddParameter): Name = "Resistance"; Value = "10 kOhms"; VariantName = "[No Variations]"
Add component (AddParameter): Name = "Series"; Value = "CRMA"; VariantName = "[No Variations]"
Add component (AddParameter): Name = "Size / Dimension"; Value = "0.125" L x 0.100" W (3.18mm x 2.54mm)"; VariantName = "[No Variations]"
Add component (AddParameter): Name = "Supplier 1"; Value = "DigiKey"; VariantName = "[No Variations]"
Add component (AddParameter): Name = "Supplier Device Package"; Value = "1210"; VariantName = "[No Variations]"
Add component (AddParameter): Name = "Supplier Part Number 1"; Value = "541-CRMA1210AF10K0FKEFCT-ND"; VariantName = "[No Variations]"
Add component (AddParameter): Name = "Temperature Coefficient"; Value = "±100ppm/°C"; VariantName = "[No Variations]"
Add component (AddParameter): Name = "Tolerance"; Value = "±1%"; VariantName = "[No Variations]"
Add component (AddParameter): Name = "Value"; Value = "10 kOhms"; VariantName = "[No Variations]"
Added Component: Designator=S1(C&K KXT3)
Add component (AddParameter): Name = "Actuator Height off PCB, Vertical"; Value = "0.60mm"; VariantName = "[No Variations]"
Add component (AddParameter): Name = "Actuator Orientation"; Value = "Top Actuated"; VariantName = "[No Variations]"
Add component (AddParameter): Name = "Actuator Type"; Value = "Standard"; VariantName = "[No Variations]"
Add component (AddParameter): Name = "Circuit"; Value = "SPST-NO"; VariantName = "[No Variations]"
Add component (AddParameter): Name = "ComponentLink1Description"; Value = "Datasheet"; VariantName = "[No Variations]"
Add component (AddParameter): Name = "ComponentLink1URL"; Value = "https://dznh3ojzb2azq.cloudfront.net/products/Tactile/KXT3/documents/datasheet.pdf"; VariantName = "[No Variations]"
Add component (AddParameter): Name = "ComponentLink2Description"; Value = "DigiKey Link"; VariantName = "[No Variations]"
Add component (AddParameter): Name = "ComponentLink2URL"; Value = "https://www.digikey.com/en/products/detail/c-k/KXT-331-LHS/6599754"; VariantName = "[No Variations]"
Add component (AddParameter): Name = "Contact Rating @ Voltage"; Value = "0.02A @ 15VDC"; VariantName = "[No Variations]"
Add component (AddParameter): Name = "Illumination"; Value = "Non-Illuminated"; VariantName = "[No Variations]"
Add component (AddParameter): Name = "LastUpdated"; Value = "3/06/2024 8:19:27 PM"; VariantName = "[No Variations]"
Add component (AddParameter): Name = "Lifecycle Status"; Value = "Active"; VariantName = "[No Variations]"
Add component (AddParameter): Name = "Manufacturer"; Value = "C&K"; VariantName = "[No Variations]"
Add component (AddParameter): Name = "Minimum Order"; Value = "1"; VariantName = "[No Variations]"
Add component (AddParameter): Name = "Mounting Type"; Value = "Surface Mount"; VariantName = "[No Variations]"
Add component (AddParameter): Name = "Operating Force"; Value = "240gf"; VariantName = "[No Variations]"
Add component (AddParameter): Name = "Operating Temperature"; Value = "-40°C ~ 85°C"; VariantName = "[No Variations]"
Add component (AddParameter): Name = "Outline"; Value = "3.00mm x 2.00mm"; VariantName = "[No Variations]"
Add component (AddParameter): Name = "Packaging"; Value = "TapeAndReel"; VariantName = "[No Variations]"
Add component (AddParameter): Name = "Part Number"; Value = "KXT 331 LHS"; VariantName = "[No Variations]"
Add component (AddParameter): Name = "Part Status"; Value = "Active"; VariantName = "[No Variations]"
Add component (AddParameter): Name = "Price"; Value = "0.13"; VariantName = "[No Variations]"
Add component (AddParameter): Name = "Series"; Value = "KXT3"; VariantName = "[No Variations]"
Add component (AddParameter): Name = "Supplier 1"; Value = "DigiKey"; VariantName = "[No Variations]"
Add component (AddParameter): Name = "Supplier Part Number 1"; Value = "CKN10779CT-ND"; VariantName = "[No Variations]"
Add component (AddParameter): Name = "Switch Function"; Value = "Off-Mom"; VariantName = "[No Variations]"
Add component (AddParameter): Name = "Termination Style"; Value = "SMD (SMT) Tab"; VariantName = "[No Variations]"
Added Component: Designator=S2(C&K KXT3)
Add component (AddParameter): Name = "Actuator Height off PCB, Vertical"; Value = "0.60mm"; VariantName = "[No Variations]"
Add component (AddParameter): Name = "Actuator Orientation"; Value = "Top Actuated"; VariantName = "[No Variations]"
Add component (AddParameter): Name = "Actuator Type"; Value = "Standard"; VariantName = "[No Variations]"
Add component (AddParameter): Name = "Circuit"; Value = "SPST-NO"; VariantName = "[No Variations]"
Add component (AddParameter): Name = "ComponentLink1Description"; Value = "Datasheet"; VariantName = "[No Variations]"
Add component (AddParameter): Name = "ComponentLink1URL"; Value = "https://dznh3ojzb2azq.cloudfront.net/products/Tactile/KXT3/documents/datasheet.pdf"; VariantName = "[No Variations]"
Add component (AddParameter): Name = "ComponentLink2Description"; Value = "DigiKey Link"; VariantName = "[No Variations]"
Add component (AddParameter): Name = "ComponentLink2URL"; Value = "https://www.digikey.com/en/products/detail/c-k/KXT-331-LHS/6599754"; VariantName = "[No Variations]"
Add component (AddParameter): Name = "Contact Rating @ Voltage"; Value = "0.02A @ 15VDC"; VariantName = "[No Variations]"
Add component (AddParameter): Name = "Illumination"; Value = "Non-Illuminated"; VariantName = "[No Variations]"
Add component (AddParameter): Name = "LastUpdated"; Value = "3/06/2024 8:19:27 PM"; VariantName = "[No Variations]"
Add component (AddParameter): Name = "Lifecycle Status"; Value = "Active"; VariantName = "[No Variations]"
Add component (AddParameter): Name = "Manufacturer"; Value = "C&K"; VariantName = "[No Variations]"
Add component (AddParameter): Name = "Minimum Order"; Value = "1"; VariantName = "[No Variations]"
Add component (AddParameter): Name = "Mounting Type"; Value = "Surface Mount"; VariantName = "[No Variations]"
Add component (AddParameter): Name = "Operating Force"; Value = "240gf"; VariantName = "[No Variations]"
Add component (AddParameter): Name = "Operating Temperature"; Value = "-40°C ~ 85°C"; VariantName = "[No Variations]"
Add component (AddParameter): Name = "Outline"; Value = "3.00mm x 2.00mm"; VariantName = "[No Variations]"
Add component (AddParameter): Name = "Packaging"; Value = "TapeAndReel"; VariantName = "[No Variations]"
Add component (AddParameter): Name = "Part Number"; Value = "KXT 331 LHS"; VariantName = "[No Variations]"
Add component (AddParameter): Name = "Part Status"; Value = "Active"; VariantName = "[No Variations]"
Add component (AddParameter): Name = "Price"; Value = "0.13"; VariantName = "[No Variations]"
Add component (AddParameter): Name = "Series"; Value = "KXT3"; VariantName = "[No Variations]"
Add component (AddParameter): Name = "Supplier 1"; Value = "DigiKey"; VariantName = "[No Variations]"
Add component (AddParameter): Name = "Supplier Part Number 1"; Value = "CKN10779CT-ND"; VariantName = "[No Variations]"
Add component (AddParameter): Name = "Switch Function"; Value = "Off-Mom"; VariantName = "[No Variations]"
Add component (AddParameter): Name = "Termination Style"; Value = "SMD (SMT) Tab"; VariantName = "[No Variations]"
Added Component: Designator=S3(C&K KXT3)
Add component (AddParameter): Name = "Actuator Height off PCB, Vertical"; Value = "0.60mm"; VariantName = "[No Variations]"
Add component (AddParameter): Name = "Actuator Orientation"; Value = "Top Actuated"; VariantName = "[No Variations]"
Add component (AddParameter): Name = "Actuator Type"; Value = "Standard"; VariantName = "[No Variations]"
Add component (AddParameter): Name = "Circuit"; Value = "SPST-NO"; VariantName = "[No Variations]"
Add component (AddParameter): Name = "ComponentLink1Description"; Value = "Datasheet"; VariantName = "[No Variations]"
Add component (AddParameter): Name = "ComponentLink1URL"; Value = "https://dznh3ojzb2azq.cloudfront.net/products/Tactile/KXT3/documents/datasheet.pdf"; VariantName = "[No Variations]"
Add component (AddParameter): Name = "ComponentLink2Description"; Value = "DigiKey Link"; VariantName = "[No Variations]"
Add component (AddParameter): Name = "ComponentLink2URL"; Value = "https://www.digikey.com/en/products/detail/c-k/KXT-331-LHS/6599754"; VariantName = "[No Variations]"
Add component (AddParameter): Name = "Contact Rating @ Voltage"; Value = "0.02A @ 15VDC"; VariantName = "[No Variations]"
Add component (AddParameter): Name = "Illumination"; Value = "Non-Illuminated"; VariantName = "[No Variations]"
Add component (AddParameter): Name = "LastUpdated"; Value = "3/06/2024 8:19:27 PM"; VariantName = "[No Variations]"
Add component (AddParameter): Name = "Lifecycle Status"; Value = "Active"; VariantName = "[No Variations]"
Add component (AddParameter): Name = "Manufacturer"; Value = "C&K"; VariantName = "[No Variations]"
Add component (AddParameter): Name = "Minimum Order"; Value = "1"; VariantName = "[No Variations]"
Add component (AddParameter): Name = "Mounting Type"; Value = "Surface Mount"; VariantName = "[No Variations]"
Add component (AddParameter): Name = "Operating Force"; Value = "240gf"; VariantName = "[No Variations]"
Add component (AddParameter): Name = "Operating Temperature"; Value = "-40°C ~ 85°C"; VariantName = "[No Variations]"
Add component (AddParameter): Name = "Outline"; Value = "3.00mm x 2.00mm"; VariantName = "[No Variations]"
Add component (AddParameter): Name = "Packaging"; Value = "TapeAndReel"; VariantName = "[No Variations]"
Add component (AddParameter): Name = "Part Number"; Value = "KXT 331 LHS"; VariantName = "[No Variations]"
Add component (AddParameter): Name = "Part Status"; Value = "Active"; VariantName = "[No Variations]"
Add component (AddParameter): Name = "Price"; Value = "0.13"; VariantName = "[No Variations]"
Add component (AddParameter): Name = "Series"; Value = "KXT3"; VariantName = "[No Variations]"
Add component (AddParameter): Name = "Supplier 1"; Value = "DigiKey"; VariantName = "[No Variations]"
Add component (AddParameter): Name = "Supplier Part Number 1"; Value = "CKN10779CT-ND"; VariantName = "[No Variations]"
Add component (AddParameter): Name = "Switch Function"; Value = "Off-Mom"; VariantName = "[No Variations]"
Add component (AddParameter): Name = "Termination Style"; Value = "SMD (SMT) Tab"; VariantName = "[No Variations]"
Added Component: Designator=S4(C&K KXT3)
Add component (AddParameter): Name = "Actuator Height off PCB, Vertical"; Value = "0.60mm"; VariantName = "[No Variations]"
Add component (AddParameter): Name = "Actuator Orientation"; Value = "Top Actuated"; VariantName = "[No Variations]"
Add component (AddParameter): Name = "Actuator Type"; Value = "Standard"; VariantName = "[No Variations]"
Add component (AddParameter): Name = "Circuit"; Value = "SPST-NO"; VariantName = "[No Variations]"
Add component (AddParameter): Name = "ComponentLink1Description"; Value = "Datasheet"; VariantName = "[No Variations]"
Add component (AddParameter): Name = "ComponentLink1URL"; Value = "https://dznh3ojzb2azq.cloudfront.net/products/Tactile/KXT3/documents/datasheet.pdf"; VariantName = "[No Variations]"
Add component (AddParameter): Name = "ComponentLink2Description"; Value = "DigiKey Link"; VariantName = "[No Variations]"
Add component (AddParameter): Name = "ComponentLink2URL"; Value = "https://www.digikey.com/en/products/detail/c-k/KXT-331-LHS/6599754"; VariantName = "[No Variations]"
Add component (AddParameter): Name = "Contact Rating @ Voltage"; Value = "0.02A @ 15VDC"; VariantName = "[No Variations]"
Add component (AddParameter): Name = "Illumination"; Value = "Non-Illuminated"; VariantName = "[No Variations]"
Add component (AddParameter): Name = "LastUpdated"; Value = "3/06/2024 8:19:27 PM"; VariantName = "[No Variations]"
Add component (AddParameter): Name = "Lifecycle Status"; Value = "Active"; VariantName = "[No Variations]"
Add component (AddParameter): Name = "Manufacturer"; Value = "C&K"; VariantName = "[No Variations]"
Add component (AddParameter): Name = "Minimum Order"; Value = "1"; VariantName = "[No Variations]"
Add component (AddParameter): Name = "Mounting Type"; Value = "Surface Mount"; VariantName = "[No Variations]"
Add component (AddParameter): Name = "Operating Force"; Value = "240gf"; VariantName = "[No Variations]"
Add component (AddParameter): Name = "Operating Temperature"; Value = "-40°C ~ 85°C"; VariantName = "[No Variations]"
Add component (AddParameter): Name = "Outline"; Value = "3.00mm x 2.00mm"; VariantName = "[No Variations]"
Add component (AddParameter): Name = "Packaging"; Value = "TapeAndReel"; VariantName = "[No Variations]"
Add component (AddParameter): Name = "Part Number"; Value = "KXT 331 LHS"; VariantName = "[No Variations]"
Add component (AddParameter): Name = "Part Status"; Value = "Active"; VariantName = "[No Variations]"
Add component (AddParameter): Name = "Price"; Value = "0.13"; VariantName = "[No Variations]"
Add component (AddParameter): Name = "Series"; Value = "KXT3"; VariantName = "[No Variations]"
Add component (AddParameter): Name = "Supplier 1"; Value = "DigiKey"; VariantName = "[No Variations]"
Add component (AddParameter): Name = "Supplier Part Number 1"; Value = "CKN10779CT-ND"; VariantName = "[No Variations]"
Add component (AddParameter): Name = "Switch Function"; Value = "Off-Mom"; VariantName = "[No Variations]"
Add component (AddParameter): Name = "Termination Style"; Value = "SMD (SMT) Tab"; VariantName = "[No Variations]"
Added Component: Designator=S5(C&K KXT3)
Add component (AddParameter): Name = "Actuator Height off PCB, Vertical"; Value = "0.60mm"; VariantName = "[No Variations]"
Add component (AddParameter): Name = "Actuator Orientation"; Value = "Top Actuated"; VariantName = "[No Variations]"
Add component (AddParameter): Name = "Actuator Type"; Value = "Standard"; VariantName = "[No Variations]"
Add component (AddParameter): Name = "Circuit"; Value = "SPST-NO"; VariantName = "[No Variations]"
Add component (AddParameter): Name = "ComponentLink1Description"; Value = "Datasheet"; VariantName = "[No Variations]"
Add component (AddParameter): Name = "ComponentLink1URL"; Value = "https://dznh3ojzb2azq.cloudfront.net/products/Tactile/KXT3/documents/datasheet.pdf"; VariantName = "[No Variations]"
Add component (AddParameter): Name = "ComponentLink2Description"; Value = "DigiKey Link"; VariantName = "[No Variations]"
Add component (AddParameter): Name = "ComponentLink2URL"; Value = "https://www.digikey.com/en/products/detail/c-k/KXT-331-LHS/6599754"; VariantName = "[No Variations]"
Add component (AddParameter): Name = "Contact Rating @ Voltage"; Value = "0.02A @ 15VDC"; VariantName = "[No Variations]"
Add component (AddParameter): Name = "Illumination"; Value = "Non-Illuminated"; VariantName = "[No Variations]"
Add component (AddParameter): Name = "LastUpdated"; Value = "3/06/2024 8:19:27 PM"; VariantName = "[No Variations]"
Add component (AddParameter): Name = "Lifecycle Status"; Value = "Active"; VariantName = "[No Variations]"
Add component (AddParameter): Name = "Manufacturer"; Value = "C&K"; VariantName = "[No Variations]"
Add component (AddParameter): Name = "Minimum Order"; Value = "1"; VariantName = "[No Variations]"
Add component (AddParameter): Name = "Mounting Type"; Value = "Surface Mount"; VariantName = "[No Variations]"
Add component (AddParameter): Name = "Operating Force"; Value = "240gf"; VariantName = "[No Variations]"
Add component (AddParameter): Name = "Operating Temperature"; Value = "-40°C ~ 85°C"; VariantName = "[No Variations]"
Add component (AddParameter): Name = "Outline"; Value = "3.00mm x 2.00mm"; VariantName = "[No Variations]"
Add component (AddParameter): Name = "Packaging"; Value = "TapeAndReel"; VariantName = "[No Variations]"
Add component (AddParameter): Name = "Part Number"; Value = "KXT 331 LHS"; VariantName = "[No Variations]"
Add component (AddParameter): Name = "Part Status"; Value = "Active"; VariantName = "[No Variations]"
Add component (AddParameter): Name = "Price"; Value = "0.13"; VariantName = "[No Variations]"
Add component (AddParameter): Name = "Series"; Value = "KXT3"; VariantName = "[No Variations]"
Add component (AddParameter): Name = "Supplier 1"; Value = "DigiKey"; VariantName = "[No Variations]"
Add component (AddParameter): Name = "Supplier Part Number 1"; Value = "CKN10779CT-ND"; VariantName = "[No Variations]"
Add component (AddParameter): Name = "Switch Function"; Value = "Off-Mom"; VariantName = "[No Variations]"
Add component (AddParameter): Name = "Termination Style"; Value = "SMD (SMT) Tab"; VariantName = "[No Variations]"
Added Component: Designator=S6(C&K KXT3)
Add component (AddParameter): Name = "Actuator Height off PCB, Vertical"; Value = "0.60mm"; VariantName = "[No Variations]"
Add component (AddParameter): Name = "Actuator Orientation"; Value = "Top Actuated"; VariantName = "[No Variations]"
Add component (AddParameter): Name = "Actuator Type"; Value = "Standard"; VariantName = "[No Variations]"
Add component (AddParameter): Name = "Circuit"; Value = "SPST-NO"; VariantName = "[No Variations]"
Add component (AddParameter): Name = "ComponentLink1Description"; Value = "Datasheet"; VariantName = "[No Variations]"
Add component (AddParameter): Name = "ComponentLink1URL"; Value = "https://dznh3ojzb2azq.cloudfront.net/products/Tactile/KXT3/documents/datasheet.pdf"; VariantName = "[No Variations]"
Add component (AddParameter): Name = "ComponentLink2Description"; Value = "DigiKey Link"; VariantName = "[No Variations]"
Add component (AddParameter): Name = "ComponentLink2URL"; Value = "https://www.digikey.com/en/products/detail/c-k/KXT-331-LHS/6599754"; VariantName = "[No Variations]"
Add component (AddParameter): Name = "Contact Rating @ Voltage"; Value = "0.02A @ 15VDC"; VariantName = "[No Variations]"
Add component (AddParameter): Name = "Illumination"; Value = "Non-Illuminated"; VariantName = "[No Variations]"
Add component (AddParameter): Name = "LastUpdated"; Value = "3/06/2024 8:19:27 PM"; VariantName = "[No Variations]"
Add component (AddParameter): Name = "Lifecycle Status"; Value = "Active"; VariantName = "[No Variations]"
Add component (AddParameter): Name = "Manufacturer"; Value = "C&K"; VariantName = "[No Variations]"
Add component (AddParameter): Name = "Minimum Order"; Value = "1"; VariantName = "[No Variations]"
Add component (AddParameter): Name = "Mounting Type"; Value = "Surface Mount"; VariantName = "[No Variations]"
Add component (AddParameter): Name = "Operating Force"; Value = "240gf"; VariantName = "[No Variations]"
Add component (AddParameter): Name = "Operating Temperature"; Value = "-40°C ~ 85°C"; VariantName = "[No Variations]"
Add component (AddParameter): Name = "Outline"; Value = "3.00mm x 2.00mm"; VariantName = "[No Variations]"
Add component (AddParameter): Name = "Packaging"; Value = "TapeAndReel"; VariantName = "[No Variations]"
Add component (AddParameter): Name = "Part Number"; Value = "KXT 331 LHS"; VariantName = "[No Variations]"
Add component (AddParameter): Name = "Part Status"; Value = "Active"; VariantName = "[No Variations]"
Add component (AddParameter): Name = "Price"; Value = "0.13"; VariantName = "[No Variations]"
Add component (AddParameter): Name = "Series"; Value = "KXT3"; VariantName = "[No Variations]"
Add component (AddParameter): Name = "Supplier 1"; Value = "DigiKey"; VariantName = "[No Variations]"
Add component (AddParameter): Name = "Supplier Part Number 1"; Value = "CKN10779CT-ND"; VariantName = "[No Variations]"
Add component (AddParameter): Name = "Switch Function"; Value = "Off-Mom"; VariantName = "[No Variations]"
Add component (AddParameter): Name = "Termination Style"; Value = "SMD (SMT) Tab"; VariantName = "[No Variations]"
Added Component: Designator=S7(C&K KXT3)
Add component (AddParameter): Name = "Actuator Height off PCB, Vertical"; Value = "0.60mm"; VariantName = "[No Variations]"
Add component (AddParameter): Name = "Actuator Orientation"; Value = "Top Actuated"; VariantName = "[No Variations]"
Add component (AddParameter): Name = "Actuator Type"; Value = "Standard"; VariantName = "[No Variations]"
Add component (AddParameter): Name = "Circuit"; Value = "SPST-NO"; VariantName = "[No Variations]"
Add component (AddParameter): Name = "ComponentLink1Description"; Value = "Datasheet"; VariantName = "[No Variations]"
Add component (AddParameter): Name = "ComponentLink1URL"; Value = "https://dznh3ojzb2azq.cloudfront.net/products/Tactile/KXT3/documents/datasheet.pdf"; VariantName = "[No Variations]"
Add component (AddParameter): Name = "ComponentLink2Description"; Value = "DigiKey Link"; VariantName = "[No Variations]"
Add component (AddParameter): Name = "ComponentLink2URL"; Value = "https://www.digikey.com/en/products/detail/c-k/KXT-331-LHS/6599754"; VariantName = "[No Variations]"
Add component (AddParameter): Name = "Contact Rating @ Voltage"; Value = "0.02A @ 15VDC"; VariantName = "[No Variations]"
Add component (AddParameter): Name = "Illumination"; Value = "Non-Illuminated"; VariantName = "[No Variations]"
Add component (AddParameter): Name = "LastUpdated"; Value = "3/06/2024 8:19:27 PM"; VariantName = "[No Variations]"
Add component (AddParameter): Name = "Lifecycle Status"; Value = "Active"; VariantName = "[No Variations]"
Add component (AddParameter): Name = "Manufacturer"; Value = "C&K"; VariantName = "[No Variations]"
Add component (AddParameter): Name = "Minimum Order"; Value = "1"; VariantName = "[No Variations]"
Add component (AddParameter): Name = "Mounting Type"; Value = "Surface Mount"; VariantName = "[No Variations]"
Add component (AddParameter): Name = "Operating Force"; Value = "240gf"; VariantName = "[No Variations]"
Add component (AddParameter): Name = "Operating Temperature"; Value = "-40°C ~ 85°C"; VariantName = "[No Variations]"
Add component (AddParameter): Name = "Outline"; Value = "3.00mm x 2.00mm"; VariantName = "[No Variations]"
Add component (AddParameter): Name = "Packaging"; Value = "TapeAndReel"; VariantName = "[No Variations]"
Add component (AddParameter): Name = "Part Number"; Value = "KXT 331 LHS"; VariantName = "[No Variations]"
Add component (AddParameter): Name = "Part Status"; Value = "Active"; VariantName = "[No Variations]"
Add component (AddParameter): Name = "Price"; Value = "0.13"; VariantName = "[No Variations]"
Add component (AddParameter): Name = "Series"; Value = "KXT3"; VariantName = "[No Variations]"
Add component (AddParameter): Name = "Supplier 1"; Value = "DigiKey"; VariantName = "[No Variations]"
Add component (AddParameter): Name = "Supplier Part Number 1"; Value = "CKN10779CT-ND"; VariantName = "[No Variations]"
Add component (AddParameter): Name = "Switch Function"; Value = "Off-Mom"; VariantName = "[No Variations]"
Add component (AddParameter): Name = "Termination Style"; Value = "SMD (SMT) Tab"; VariantName = "[No Variations]"
Added Component: Designator=S8(C&K KXT3)
Add component (AddParameter): Name = "Actuator Height off PCB, Vertical"; Value = "0.60mm"; VariantName = "[No Variations]"
Add component (AddParameter): Name = "Actuator Orientation"; Value = "Top Actuated"; VariantName = "[No Variations]"
Add component (AddParameter): Name = "Actuator Type"; Value = "Standard"; VariantName = "[No Variations]"
Add component (AddParameter): Name = "Circuit"; Value = "SPST-NO"; VariantName = "[No Variations]"
Add component (AddParameter): Name = "ComponentLink1Description"; Value = "Datasheet"; VariantName = "[No Variations]"
Add component (AddParameter): Name = "ComponentLink1URL"; Value = "https://dznh3ojzb2azq.cloudfront.net/products/Tactile/KXT3/documents/datasheet.pdf"; VariantName = "[No Variations]"
Add component (AddParameter): Name = "ComponentLink2Description"; Value = "DigiKey Link"; VariantName = "[No Variations]"
Add component (AddParameter): Name = "ComponentLink2URL"; Value = "https://www.digikey.com/en/products/detail/c-k/KXT-331-LHS/6599754"; VariantName = "[No Variations]"
Add component (AddParameter): Name = "Contact Rating @ Voltage"; Value = "0.02A @ 15VDC"; VariantName = "[No Variations]"
Add component (AddParameter): Name = "Illumination"; Value = "Non-Illuminated"; VariantName = "[No Variations]"
Add component (AddParameter): Name = "LastUpdated"; Value = "3/06/2024 8:19:27 PM"; VariantName = "[No Variations]"
Add component (AddParameter): Name = "Lifecycle Status"; Value = "Active"; VariantName = "[No Variations]"
Add component (AddParameter): Name = "Manufacturer"; Value = "C&K"; VariantName = "[No Variations]"
Add component (AddParameter): Name = "Minimum Order"; Value = "1"; VariantName = "[No Variations]"
Add component (AddParameter): Name = "Mounting Type"; Value = "Surface Mount"; VariantName = "[No Variations]"
Add component (AddParameter): Name = "Operating Force"; Value = "240gf"; VariantName = "[No Variations]"
Add component (AddParameter): Name = "Operating Temperature"; Value = "-40°C ~ 85°C"; VariantName = "[No Variations]"
Add component (AddParameter): Name = "Outline"; Value = "3.00mm x 2.00mm"; VariantName = "[No Variations]"
Add component (AddParameter): Name = "Packaging"; Value = "TapeAndReel"; VariantName = "[No Variations]"
Add component (AddParameter): Name = "Part Number"; Value = "KXT 331 LHS"; VariantName = "[No Variations]"
Add component (AddParameter): Name = "Part Status"; Value = "Active"; VariantName = "[No Variations]"
Add component (AddParameter): Name = "Price"; Value = "0.13"; VariantName = "[No Variations]"
Add component (AddParameter): Name = "Series"; Value = "KXT3"; VariantName = "[No Variations]"
Add component (AddParameter): Name = "Supplier 1"; Value = "DigiKey"; VariantName = "[No Variations]"
Add component (AddParameter): Name = "Supplier Part Number 1"; Value = "CKN10779CT-ND"; VariantName = "[No Variations]"
Add component (AddParameter): Name = "Switch Function"; Value = "Off-Mom"; VariantName = "[No Variations]"
Add component (AddParameter): Name = "Termination Style"; Value = "SMD (SMT) Tab"; VariantName = "[No Variations]"
Added Component: Designator=S9(C&K KXT3)
Add component (AddParameter): Name = "Actuator Height off PCB, Vertical"; Value = "0.60mm"; VariantName = "[No Variations]"
Add component (AddParameter): Name = "Actuator Orientation"; Value = "Top Actuated"; VariantName = "[No Variations]"
Add component (AddParameter): Name = "Actuator Type"; Value = "Standard"; VariantName = "[No Variations]"
Add component (AddParameter): Name = "Circuit"; Value = "SPST-NO"; VariantName = "[No Variations]"
Add component (AddParameter): Name = "ComponentLink1Description"; Value = "Datasheet"; VariantName = "[No Variations]"
Add component (AddParameter): Name = "ComponentLink1URL"; Value = "https://dznh3ojzb2azq.cloudfront.net/products/Tactile/KXT3/documents/datasheet.pdf"; VariantName = "[No Variations]"
Add component (AddParameter): Name = "ComponentLink2Description"; Value = "DigiKey Link"; VariantName = "[No Variations]"
Add component (AddParameter): Name = "ComponentLink2URL"; Value = "https://www.digikey.com/en/products/detail/c-k/KXT-331-LHS/6599754"; VariantName = "[No Variations]"
Add component (AddParameter): Name = "Contact Rating @ Voltage"; Value = "0.02A @ 15VDC"; VariantName = "[No Variations]"
Add component (AddParameter): Name = "Illumination"; Value = "Non-Illuminated"; VariantName = "[No Variations]"
Add component (AddParameter): Name = "LastUpdated"; Value = "3/06/2024 8:19:27 PM"; VariantName = "[No Variations]"
Add component (AddParameter): Name = "Lifecycle Status"; Value = "Active"; VariantName = "[No Variations]"
Add component (AddParameter): Name = "Manufacturer"; Value = "C&K"; VariantName = "[No Variations]"
Add component (AddParameter): Name = "Minimum Order"; Value = "1"; VariantName = "[No Variations]"
Add component (AddParameter): Name = "Mounting Type"; Value = "Surface Mount"; VariantName = "[No Variations]"
Add component (AddParameter): Name = "Operating Force"; Value = "240gf"; VariantName = "[No Variations]"
Add component (AddParameter): Name = "Operating Temperature"; Value = "-40°C ~ 85°C"; VariantName = "[No Variations]"
Add component (AddParameter): Name = "Outline"; Value = "3.00mm x 2.00mm"; VariantName = "[No Variations]"
Add component (AddParameter): Name = "Packaging"; Value = "TapeAndReel"; VariantName = "[No Variations]"
Add component (AddParameter): Name = "Part Number"; Value = "KXT 331 LHS"; VariantName = "[No Variations]"
Add component (AddParameter): Name = "Part Status"; Value = "Active"; VariantName = "[No Variations]"
Add component (AddParameter): Name = "Price"; Value = "0.13"; VariantName = "[No Variations]"
Add component (AddParameter): Name = "Series"; Value = "KXT3"; VariantName = "[No Variations]"
Add component (AddParameter): Name = "Supplier 1"; Value = "DigiKey"; VariantName = "[No Variations]"
Add component (AddParameter): Name = "Supplier Part Number 1"; Value = "CKN10779CT-ND"; VariantName = "[No Variations]"
Add component (AddParameter): Name = "Switch Function"; Value = "Off-Mom"; VariantName = "[No Variations]"
Add component (AddParameter): Name = "Termination Style"; Value = "SMD (SMT) Tab"; VariantName = "[No Variations]"
Added Component: Designator=S10(C&K KXT3)
Add component (AddParameter): Name = "Actuator Height off PCB, Vertical"; Value = "0.60mm"; VariantName = "[No Variations]"
Add component (AddParameter): Name = "Actuator Orientation"; Value = "Top Actuated"; VariantName = "[No Variations]"
Add component (AddParameter): Name = "Actuator Type"; Value = "Standard"; VariantName = "[No Variations]"
Add component (AddParameter): Name = "Circuit"; Value = "SPST-NO"; VariantName = "[No Variations]"
Add component (AddParameter): Name = "ComponentLink1Description"; Value = "Datasheet"; VariantName = "[No Variations]"
Add component (AddParameter): Name = "ComponentLink1URL"; Value = "https://dznh3ojzb2azq.cloudfront.net/products/Tactile/KXT3/documents/datasheet.pdf"; VariantName = "[No Variations]"
Add component (AddParameter): Name = "ComponentLink2Description"; Value = "DigiKey Link"; VariantName = "[No Variations]"
Add component (AddParameter): Name = "ComponentLink2URL"; Value = "https://www.digikey.com/en/products/detail/c-k/KXT-331-LHS/6599754"; VariantName = "[No Variations]"
Add component (AddParameter): Name = "Contact Rating @ Voltage"; Value = "0.02A @ 15VDC"; VariantName = "[No Variations]"
Add component (AddParameter): Name = "Illumination"; Value = "Non-Illuminated"; VariantName = "[No Variations]"
Add component (AddParameter): Name = "LastUpdated"; Value = "3/06/2024 8:19:27 PM"; VariantName = "[No Variations]"
Add component (AddParameter): Name = "Lifecycle Status"; Value = "Active"; VariantName = "[No Variations]"
Add component (AddParameter): Name = "Manufacturer"; Value = "C&K"; VariantName = "[No Variations]"
Add component (AddParameter): Name = "Minimum Order"; Value = "1"; VariantName = "[No Variations]"
Add component (AddParameter): Name = "Mounting Type"; Value = "Surface Mount"; VariantName = "[No Variations]"
Add component (AddParameter): Name = "Operating Force"; Value = "240gf"; VariantName = "[No Variations]"
Add component (AddParameter): Name = "Operating Temperature"; Value = "-40°C ~ 85°C"; VariantName = "[No Variations]"
Add component (AddParameter): Name = "Outline"; Value = "3.00mm x 2.00mm"; VariantName = "[No Variations]"
Add component (AddParameter): Name = "Packaging"; Value = "TapeAndReel"; VariantName = "[No Variations]"
Add component (AddParameter): Name = "Part Number"; Value = "KXT 331 LHS"; VariantName = "[No Variations]"
Add component (AddParameter): Name = "Part Status"; Value = "Active"; VariantName = "[No Variations]"
Add component (AddParameter): Name = "Price"; Value = "0.13"; VariantName = "[No Variations]"
Add component (AddParameter): Name = "Series"; Value = "KXT3"; VariantName = "[No Variations]"
Add component (AddParameter): Name = "Supplier 1"; Value = "DigiKey"; VariantName = "[No Variations]"
Add component (AddParameter): Name = "Supplier Part Number 1"; Value = "CKN10779CT-ND"; VariantName = "[No Variations]"
Add component (AddParameter): Name = "Switch Function"; Value = "Off-Mom"; VariantName = "[No Variations]"
Add component (AddParameter): Name = "Termination Style"; Value = "SMD (SMT) Tab"; VariantName = "[No Variations]"
Added Component: Designator=S11(C&K KXT3)
Add component (AddParameter): Name = "Actuator Height off PCB, Vertical"; Value = "0.60mm"; VariantName = "[No Variations]"
Add component (AddParameter): Name = "Actuator Orientation"; Value = "Top Actuated"; VariantName = "[No Variations]"
Add component (AddParameter): Name = "Actuator Type"; Value = "Standard"; VariantName = "[No Variations]"
Add component (AddParameter): Name = "Circuit"; Value = "SPST-NO"; VariantName = "[No Variations]"
Add component (AddParameter): Name = "ComponentLink1Description"; Value = "Datasheet"; VariantName = "[No Variations]"
Add component (AddParameter): Name = "ComponentLink1URL"; Value = "https://dznh3ojzb2azq.cloudfront.net/products/Tactile/KXT3/documents/datasheet.pdf"; VariantName = "[No Variations]"
Add component (AddParameter): Name = "ComponentLink2Description"; Value = "DigiKey Link"; VariantName = "[No Variations]"
Add component (AddParameter): Name = "ComponentLink2URL"; Value = "https://www.digikey.com/en/products/detail/c-k/KXT-331-LHS/6599754"; VariantName = "[No Variations]"
Add component (AddParameter): Name = "Contact Rating @ Voltage"; Value = "0.02A @ 15VDC"; VariantName = "[No Variations]"
Add component (AddParameter): Name = "Illumination"; Value = "Non-Illuminated"; VariantName = "[No Variations]"
Add component (AddParameter): Name = "LastUpdated"; Value = "3/06/2024 8:19:27 PM"; VariantName = "[No Variations]"
Add component (AddParameter): Name = "Lifecycle Status"; Value = "Active"; VariantName = "[No Variations]"
Add component (AddParameter): Name = "Manufacturer"; Value = "C&K"; VariantName = "[No Variations]"
Add component (AddParameter): Name = "Minimum Order"; Value = "1"; VariantName = "[No Variations]"
Add component (AddParameter): Name = "Mounting Type"; Value = "Surface Mount"; VariantName = "[No Variations]"
Add component (AddParameter): Name = "Operating Force"; Value = "240gf"; VariantName = "[No Variations]"
Add component (AddParameter): Name = "Operating Temperature"; Value = "-40°C ~ 85°C"; VariantName = "[No Variations]"
Add component (AddParameter): Name = "Outline"; Value = "3.00mm x 2.00mm"; VariantName = "[No Variations]"
Add component (AddParameter): Name = "Packaging"; Value = "TapeAndReel"; VariantName = "[No Variations]"
Add component (AddParameter): Name = "Part Number"; Value = "KXT 331 LHS"; VariantName = "[No Variations]"
Add component (AddParameter): Name = "Part Status"; Value = "Active"; VariantName = "[No Variations]"
Add component (AddParameter): Name = "Price"; Value = "0.13"; VariantName = "[No Variations]"
Add component (AddParameter): Name = "Series"; Value = "KXT3"; VariantName = "[No Variations]"
Add component (AddParameter): Name = "Supplier 1"; Value = "DigiKey"; VariantName = "[No Variations]"
Add component (AddParameter): Name = "Supplier Part Number 1"; Value = "CKN10779CT-ND"; VariantName = "[No Variations]"
Add component (AddParameter): Name = "Switch Function"; Value = "Off-Mom"; VariantName = "[No Variations]"
Add component (AddParameter): Name = "Termination Style"; Value = "SMD (SMT) Tab"; VariantName = "[No Variations]"
Added Component: Designator=S12(C&K KXT3)
Add component (AddParameter): Name = "Actuator Height off PCB, Vertical"; Value = "0.60mm"; VariantName = "[No Variations]"
Add component (AddParameter): Name = "Actuator Orientation"; Value = "Top Actuated"; VariantName = "[No Variations]"
Add component (AddParameter): Name = "Actuator Type"; Value = "Standard"; VariantName = "[No Variations]"
Add component (AddParameter): Name = "Circuit"; Value = "SPST-NO"; VariantName = "[No Variations]"
Add component (AddParameter): Name = "ComponentLink1Description"; Value = "Datasheet"; VariantName = "[No Variations]"
Add component (AddParameter): Name = "ComponentLink1URL"; Value = "https://dznh3ojzb2azq.cloudfront.net/products/Tactile/KXT3/documents/datasheet.pdf"; VariantName = "[No Variations]"
Add component (AddParameter): Name = "ComponentLink2Description"; Value = "DigiKey Link"; VariantName = "[No Variations]"
Add component (AddParameter): Name = "ComponentLink2URL"; Value = "https://www.digikey.com/en/products/detail/c-k/KXT-331-LHS/6599754"; VariantName = "[No Variations]"
Add component (AddParameter): Name = "Contact Rating @ Voltage"; Value = "0.02A @ 15VDC"; VariantName = "[No Variations]"
Add component (AddParameter): Name = "Illumination"; Value = "Non-Illuminated"; VariantName = "[No Variations]"
Add component (AddParameter): Name = "LastUpdated"; Value = "3/06/2024 8:19:27 PM"; VariantName = "[No Variations]"
Add component (AddParameter): Name = "Lifecycle Status"; Value = "Active"; VariantName = "[No Variations]"
Add component (AddParameter): Name = "Manufacturer"; Value = "C&K"; VariantName = "[No Variations]"
Add component (AddParameter): Name = "Minimum Order"; Value = "1"; VariantName = "[No Variations]"
Add component (AddParameter): Name = "Mounting Type"; Value = "Surface Mount"; VariantName = "[No Variations]"
Add component (AddParameter): Name = "Operating Force"; Value = "240gf"; VariantName = "[No Variations]"
Add component (AddParameter): Name = "Operating Temperature"; Value = "-40°C ~ 85°C"; VariantName = "[No Variations]"
Add component (AddParameter): Name = "Outline"; Value = "3.00mm x 2.00mm"; VariantName = "[No Variations]"
Add component (AddParameter): Name = "Packaging"; Value = "TapeAndReel"; VariantName = "[No Variations]"
Add component (AddParameter): Name = "Part Number"; Value = "KXT 331 LHS"; VariantName = "[No Variations]"
Add component (AddParameter): Name = "Part Status"; Value = "Active"; VariantName = "[No Variations]"
Add component (AddParameter): Name = "Price"; Value = "0.13"; VariantName = "[No Variations]"
Add component (AddParameter): Name = "Series"; Value = "KXT3"; VariantName = "[No Variations]"
Add component (AddParameter): Name = "Supplier 1"; Value = "DigiKey"; VariantName = "[No Variations]"
Add component (AddParameter): Name = "Supplier Part Number 1"; Value = "CKN10779CT-ND"; VariantName = "[No Variations]"
Add component (AddParameter): Name = "Switch Function"; Value = "Off-Mom"; VariantName = "[No Variations]"
Add component (AddParameter): Name = "Termination Style"; Value = "SMD (SMT) Tab"; VariantName = "[No Variations]"
Added Component: Designator=T1(WE-PoE++_EFD20_THT_L21.08W21.08H10.8)
Add component (AddParameter): Name = "Auxiliary Voltage"; Value = "12V"; VariantName = "[No Variations]"
Add component (AddParameter): Name = "Case/Size Code"; Value = "EFD20"; VariantName = "[No Variations]"
Add component (AddParameter): Name = "Category"; Value = "Transformers For DC-DC Converter"; VariantName = "[No Variations]"
Add component (AddParameter): Name = "ComponentLink1Description"; Value = "Website Link"; VariantName = "[No Variations]"
Add component (AddParameter): Name = "ComponentLink1URL"; Value = "https://www.we-online.com/redexpert/article/750310042?ad"; VariantName = "[No Variations]"
Add component (AddParameter): Name = "ComponentLink2Description"; Value = "Datasheet Link"; VariantName = "[No Variations]"
Add component (AddParameter): Name = "ComponentLink2URL"; Value = "https://www.we-online.com/redexpert/spec/750310042?ad"; VariantName = "[No Variations]"
Add component (AddParameter): Name = "Height"; Value = "10.8mm"; VariantName = "[No Variations]"
Add component (AddParameter): Name = "Inductance"; Value = "154uH"; VariantName = "[No Variations]"
Add component (AddParameter): Name = "Input Voltage"; Value = "30-57VDC"; VariantName = "[No Variations]"
Add component (AddParameter): Name = "Insulation Test Voltage"; Value = "1500V"; VariantName = "[No Variations]"
Add component (AddParameter): Name = "Leakage Inductance"; Value = "2uH"; VariantName = "[No Variations]"
Add component (AddParameter): Name = "Length"; Value = "21.08mm"; VariantName = "[No Variations]"
Add component (AddParameter): Name = "Manufacturer"; Value = "Wurth Elektronik"; VariantName = "[No Variations]"
Add component (AddParameter): Name = "Manufacturer Part Number"; Value = "750310042"; VariantName = "[No Variations]"
Add component (AddParameter): Name = "Match Code"; Value = "WE-PoE++"; VariantName = "[No Variations]"
Add component (AddParameter): Name = "Mount"; Value = "Through Hole"; VariantName = "[No Variations]"
Add component (AddParameter): Name = "Operating Temperature Max"; Value = "125°C"; VariantName = "[No Variations]"
Add component (AddParameter): Name = "Operating Temperature Min"; Value = "-40°C"; VariantName = "[No Variations]"
Add component (AddParameter): Name = "Output Current 1"; Value = "5A"; VariantName = "[No Variations]"
Add component (AddParameter): Name = "Output Current 2"; Value = "1.6A"; VariantName = "[No Variations]"
Add component (AddParameter): Name = "Output Voltage 1"; Value = "12V"; VariantName = "[No Variations]"
Add component (AddParameter): Name = "Output Voltage 2"; Value = "-12V"; VariantName = "[No Variations]"
Add component (AddParameter): Name = "Packaging"; Value = "Tape and Reel"; VariantName = "[No Variations]"
Add component (AddParameter): Name = "Switching Frequency"; Value = "250-400kHz"; VariantName = "[No Variations]"
Add component (AddParameter): Name = "Turns Ratio"; Value = "2:1:1:1"; VariantName = "[No Variations]"
Add component (AddParameter): Name = "Width"; Value = "21.08mm"; VariantName = "[No Variations]"
Added Component: Designator=TP1(Test_point_1)
Added Component: Designator=TP2(Test_point_1)
Added Component: Designator=TP3(Test_point_1)
Added Component: Designator=TP4(Test_point_1)
Added Component: Designator=TP5(Test_point_1)
Added Component: Designator=TP6(Test_point_1)
Added Component: Designator=TP7(Test_point_1)
Added Component: Designator=TP8(Test_point_1)
Added Component: Designator=TP9(Test_point_1)
Added Component: Designator=TP10(Test_point_1)
Added Component: Designator=TP11(Test_point_1)
Added Component: Designator=TP12(Test_point_1)
Added Component: Designator=U1(SW_EVQ-V9C00116E_PAN)
Add component (AddParameter): Name = "Mfr_Name"; Value = "Panasonic"; VariantName = "[No Variations]"
Add component (AddParameter): Name = "RefDes"; Value = "RefDes"; VariantName = "[No Variations]"
Add component (AddParameter): Name = "Type"; Value = "Type"; VariantName = "[No Variations]"
Added Component: Designator=U3(PW16)
Add component (AddParameter): Name = "Mfr_Name"; Value = "Texas Instruments"; VariantName = "[No Variations]"
Add component (AddParameter): Name = "RefDes"; Value = "RefDes"; VariantName = "[No Variations]"
Add component (AddParameter): Name = "Type"; Value = "Type"; VariantName = "[No Variations]"
Added Component: Designator=U4(PW16)
Add component (AddParameter): Name = "Mfr_Name"; Value = "Texas Instruments"; VariantName = "[No Variations]"
Add component (AddParameter): Name = "RefDes"; Value = "RefDes"; VariantName = "[No Variations]"
Add component (AddParameter): Name = "Type"; Value = "Type"; VariantName = "[No Variations]"
Added Component: Designator=XTAL1(XTAL_SC32S-7PF20PPM_EPS)
Add component (AddParameter): Name = "Mfr_Name"; Value = "Epson"; VariantName = "[No Variations]"
Add component (AddParameter): Name = "RefDes"; Value = ""; VariantName = "[No Variations]"
Add component (AddParameter): Name = "Type"; Value = ""; VariantName = "[No Variations]"
Added Component: Designator=Y1(ABRACON ABLS)
Add component (AddParameter): Name = "ComponentLink1Description"; Value = "Datasheet"; VariantName = "[No Variations]"
Add component (AddParameter): Name = "ComponentLink1URL"; Value = "https://abracon.com/Resonators/abls.pdf"; VariantName = "[No Variations]"
Add component (AddParameter): Name = "ComponentLink2Description"; Value = "DigiKey Link"; VariantName = "[No Variations]"
Add component (AddParameter): Name = "ComponentLink2URL"; Value = "http://digikey.com/product-detail/en/abracon-llc/ABLS-4.000MHZ-20-D-4-H-T/535-14920-1-ND/9997997"; VariantName = "[No Variations]"
Add component (AddParameter): Name = "ESR (Equivalent Series Resistance)"; Value = "180 Ohms"; VariantName = "[No Variations]"
Add component (AddParameter): Name = "Frequency"; Value = "4MHz"; VariantName = "[No Variations]"
Add component (AddParameter): Name = "Frequency Stability"; Value = "±35ppm"; VariantName = "[No Variations]"
Add component (AddParameter): Name = "Frequency Tolerance"; Value = "±30ppm"; VariantName = "[No Variations]"
Add component (AddParameter): Name = "Height - Seated (Max)"; Value = "0.165" (4.20mm)"; VariantName = "[No Variations]"
Add component (AddParameter): Name = "LastUpdated"; Value = "8/02/2024 9:34:21 PM"; VariantName = "[No Variations]"
Add component (AddParameter): Name = "Lifecycle Status"; Value = "Active"; VariantName = "[No Variations]"
Add component (AddParameter): Name = "Load Capacitance"; Value = "20pF"; VariantName = "[No Variations]"
Add component (AddParameter): Name = "Manufacturer"; Value = "Abracon LLC"; VariantName = "[No Variations]"
Add component (AddParameter): Name = "Minimum Order"; Value = "1"; VariantName = "[No Variations]"
Add component (AddParameter): Name = "Mounting Type"; Value = "Surface Mount"; VariantName = "[No Variations]"
Add component (AddParameter): Name = "Operating Mode"; Value = "Fundamental"; VariantName = "[No Variations]"
Add component (AddParameter): Name = "Operating Temperature"; Value = "-40°C ~ 85°C"; VariantName = "[No Variations]"
Add component (AddParameter): Name = "Package / Case"; Value = "HC-49/US"; VariantName = "[No Variations]"
Add component (AddParameter): Name = "Packaging"; Value = "TapeAndReel"; VariantName = "[No Variations]"
Add component (AddParameter): Name = "Part Number"; Value = "ABLS-4.000MHZ-20-D-4-H-T"; VariantName = "[No Variations]"
Add component (AddParameter): Name = "Part Status"; Value = "Active"; VariantName = "[No Variations]"
Add component (AddParameter): Name = "PartId"; Value = "85"; VariantName = "[No Variations]"
Add component (AddParameter): Name = "Price"; Value = "0.29"; VariantName = "[No Variations]"
Add component (AddParameter): Name = "Series"; Value = "ABLS"; VariantName = "[No Variations]"
Add component (AddParameter): Name = "Size / Dimension"; Value = "0.449" L x 0.185" W (11.40mm x 4.70mm)"; VariantName = "[No Variations]"
Add component (AddParameter): Name = "Supplier 1"; Value = "DigiKey"; VariantName = "[No Variations]"
Add component (AddParameter): Name = "Supplier Part Number 1"; Value = "535-14920-1-ND"; VariantName = "[No Variations]"
Add component (AddParameter): Name = "Type"; Value = "MHz Crystal"; VariantName = "[No Variations]"
Add component (AddParameter): Name = "Value"; Value = "4MHz"; VariantName = "[No Variations]"
Added Pin To Net: NetName=+3.3 Pin=A1-7
Added Pin To Net: NetName=+3.3 Pin=A1-9
Added Pin To Net: NetName=+3.3 Pin=A1-10
Added Pin To Net: NetName=+3.3 Pin=C1-1
Added Pin To Net: NetName=+3.3 Pin=C2-2
Added Pin To Net: NetName=+3.3 Pin=C3-1
Added Pin To Net: NetName=+3.3 Pin=C4-2
Added Pin To Net: NetName=+3.3 Pin=C5-1
Added Pin To Net: NetName=+3.3 Pin=C7-1
Added Pin To Net: NetName=+3.3 Pin=C8-1
Added Pin To Net: NetName=+3.3 Pin=C9-1
Added Pin To Net: NetName=+3.3 Pin=C10-1
Added Pin To Net: NetName=+3.3 Pin=C11-1
Added Pin To Net: NetName=+3.3 Pin=C11-2
Added Pin To Net: NetName=+3.3 Pin=C12-1
Added Pin To Net: NetName=+3.3 Pin=C12-2
Added Pin To Net: NetName=+3.3 Pin=C13-1
Added Pin To Net: NetName=+3.3 Pin=C13-2
Added Pin To Net: NetName=+3.3 Pin=C14-1
Added Pin To Net: NetName=+3.3 Pin=C14-2
Added Pin To Net: NetName=+3.3 Pin=C15-1
Added Pin To Net: NetName=+3.3 Pin=C15-2
Added Pin To Net: NetName=+3.3 Pin=C16-1
Added Pin To Net: NetName=+3.3 Pin=C17-1
Added Pin To Net: NetName=+3.3 Pin=C18-1
Added Pin To Net: NetName=+3.3 Pin=C19-2
Added Pin To Net: NetName=+3.3 Pin=C20-2
Added Pin To Net: NetName=+3.3 Pin=C21-1
Added Pin To Net: NetName=+3.3 Pin=C22-1
Added Pin To Net: NetName=+3.3 Pin=C23-2
Added Pin To Net: NetName=+3.3 Pin=C24-2
Added Pin To Net: NetName=+3.3 Pin=C25-2
Added Pin To Net: NetName=+3.3 Pin=C26-2
Added Pin To Net: NetName=+3.3 Pin=C27-2
Added Pin To Net: NetName=+3.3 Pin=C29-1
Added Pin To Net: NetName=+3.3 Pin=D6-1
Added Pin To Net: NetName=+3.3 Pin=DS1-11
Added Pin To Net: NetName=+3.3 Pin=DS1-K
Added Pin To Net: NetName=+3.3 Pin=IC1-1
Added Pin To Net: NetName=+3.3 Pin=IC1-2
Added Pin To Net: NetName=+3.3 Pin=IC1-4
Added Pin To Net: NetName=+3.3 Pin=IC2-6
Added Pin To Net: NetName=+3.3 Pin=IC2-7
Added Pin To Net: NetName=+3.3 Pin=IC3-2
Added Pin To Net: NetName=+3.3 Pin=IC5-3
Added Pin To Net: NetName=+3.3 Pin=IC5-5
Added Pin To Net: NetName=+3.3 Pin=IC6-2
Added Pin To Net: NetName=+3.3 Pin=IC7-3
Added Pin To Net: NetName=+3.3 Pin=IC8-2
Added Pin To Net: NetName=+3.3 Pin=IC11-3
Added Pin To Net: NetName=+3.3 Pin=J1-2
Added Pin To Net: NetName=+3.3 Pin=J1-3
Added Pin To Net: NetName=+3.3 Pin=J2-2
Added Pin To Net: NetName=+3.3 Pin=J2-3
Added Pin To Net: NetName=+3.3 Pin=J3-6
Added Pin To Net: NetName=+3.3 Pin=J3-8
Added Pin To Net: NetName=+3.3 Pin=J3-19
Added Pin To Net: NetName=+3.3 Pin=J3-20
Added Pin To Net: NetName=+3.3 Pin=J5-G1
Added Pin To Net: NetName=+3.3 Pin=J5-G2
Added Pin To Net: NetName=+3.3 Pin=J5-G3
Added Pin To Net: NetName=+3.3 Pin=J5-G4
Added Pin To Net: NetName=+3.3 Pin=J6-G1
Added Pin To Net: NetName=+3.3 Pin=J6-G2
Added Pin To Net: NetName=+3.3 Pin=J6-G3
Added Pin To Net: NetName=+3.3 Pin=J6-G4
Added Pin To Net: NetName=+3.3 Pin=R3-1
Added Pin To Net: NetName=+3.3 Pin=R4-1
Added Pin To Net: NetName=+3.3 Pin=R6-2
Added Pin To Net: NetName=+3.3 Pin=R8-1
Added Pin To Net: NetName=+3.3 Pin=R9-1
Added Pin To Net: NetName=+3.3 Pin=R11-1
Added Pin To Net: NetName=+3.3 Pin=R12-2
Added Pin To Net: NetName=+3.3 Pin=R14-1
Added Pin To Net: NetName=+3.3 Pin=R15-1
Added Pin To Net: NetName=+3.3 Pin=R16-1
Added Pin To Net: NetName=+3.3 Pin=R17-2
Added Pin To Net: NetName=+3.3 Pin=R18-1
Added Pin To Net: NetName=+3.3 Pin=R19-1
Added Pin To Net: NetName=+3.3 Pin=R20-1
Added Pin To Net: NetName=+3.3 Pin=R21-1
Added Pin To Net: NetName=+3.3 Pin=R22-1
Added Pin To Net: NetName=+3.3 Pin=R25-1
Added Pin To Net: NetName=+3.3 Pin=R26-1
Added Pin To Net: NetName=+3.3 Pin=R27-1
Added Pin To Net: NetName=+3.3 Pin=R28-1
Added Pin To Net: NetName=+3.3 Pin=R29-1
Added Pin To Net: NetName=+3.3 Pin=R30-1
Added Pin To Net: NetName=+3.3 Pin=R32-2
Added Pin To Net: NetName=+3.3 Pin=R33-2
Added Pin To Net: NetName=+3.3 Pin=R34-2
Added Pin To Net: NetName=+3.3 Pin=R35-2
Added Pin To Net: NetName=+3.3 Pin=R36-1
Added Pin To Net: NetName=+3.3 Pin=R37-1
Added Pin To Net: NetName=+3.3 Pin=R38-2
Added Pin To Net: NetName=+3.3 Pin=R39-1
Added Pin To Net: NetName=+3.3 Pin=R40-1
Added Pin To Net: NetName=+3.3 Pin=R41-1
Added Pin To Net: NetName=+3.3 Pin=R42-1
Added Pin To Net: NetName=+3.3 Pin=R43-1
Added Pin To Net: NetName=+3.3 Pin=T1-6
Added Pin To Net: NetName=+3.3 Pin=T1-7
Added Pin To Net: NetName=+3.3 Pin=TP2-TP1
Added Pin To Net: NetName=+3.3 Pin=TP3-TP1
Added Pin To Net: NetName=+3.3 Pin=U3-1
Added Pin To Net: NetName=+3.3 Pin=U3-8
Added Pin To Net: NetName=+3.3 Pin=U4-1
Added Pin To Net: NetName=+3.3 Pin=U4-8
Added Net: Name=+3.3
Added Pin To Net: NetName=+5 Pin=C20-1
Added Pin To Net: NetName=+5 Pin=D11-1
Added Pin To Net: NetName=+5 Pin=IC3-5
Added Pin To Net: NetName=+5 Pin=IC7-2
Added Pin To Net: NetName=+5 Pin=IC11-2
Added Pin To Net: NetName=+5 Pin=R31-2
Added Pin To Net: NetName=+5 Pin=TP12-TP1
Added Net: Name=+5
Added Pin To Net: NetName=+6.5V Pin=A1-5
Added Pin To Net: NetName=+6.5V Pin=C9-2
Added Pin To Net: NetName=+6.5V Pin=C19-1
Added Pin To Net: NetName=+6.5V Pin=D12-1
Added Pin To Net: NetName=+6.5V Pin=IC3-1
Added Pin To Net: NetName=+6.5V Pin=IC6-3
Added Pin To Net: NetName=+6.5V Pin=IC8-3
Added Pin To Net: NetName=+6.5V Pin=TP11-TP1
Added Net: Name=+6.5V
Added Pin To Net: NetName=+12 Pin=C4-1
Added Pin To Net: NetName=+12 Pin=D2-2
Added Pin To Net: NetName=+12 Pin=D7-1
Added Pin To Net: NetName=+12 Pin=D8-2
Added Pin To Net: NetName=+12 Pin=IC4-8
Added Pin To Net: NetName=+12 Pin=IC5-8
Added Pin To Net: NetName=+12 Pin=R2-2
Added Pin To Net: NetName=+12 Pin=TP5-TP1
Added Net: Name=+12
Added Pin To Net: NetName=-12 Pin=C5-2
Added Pin To Net: NetName=-12 Pin=D4-1
Added Pin To Net: NetName=-12 Pin=D8-1
Added Pin To Net: NetName=-12 Pin=D10-2
Added Pin To Net: NetName=-12 Pin=IC4-4
Added Pin To Net: NetName=-12 Pin=IC5-4
Added Pin To Net: NetName=-12 Pin=TP4-TP1
Added Net: Name=-12
Added Pin To Net: NetName=CLK Pin=J3-13
Added Pin To Net: NetName=CLK Pin=U3-2
Added Pin To Net: NetName=CLK Pin=U4-2
Added Net: Name=CLK
Added Pin To Net: NetName=CS MPU A Pin=J3-23
Added Net: Name=CS MPU A
Added Pin To Net: NetName=CS MPU B Pin=J3-24
Added Net: Name=CS MPU B
Added Pin To Net: NetName=D13 Pin=D13-1
Added Pin To Net: NetName=D13 Pin=J3-25
Added Net: Name=D13
Added Pin To Net: NetName=D14 Pin=D14-1
Added Pin To Net: NetName=D14 Pin=J3-26
Added Net: Name=D14
Added Pin To Net: NetName=DIN-02 Pin=U1-2
Added Pin To Net: NetName=DIN-02 Pin=U3-12
Added Net: Name=DIN-02
Added Pin To Net: NetName=DIN-04 Pin=U1-4
Added Pin To Net: NetName=DIN-04 Pin=U3-14
Added Net: Name=DIN-04
Added Pin To Net: NetName=DIN-05 Pin=S1-2
Added Pin To Net: NetName=DIN-05 Pin=U3-3
Added Net: Name=DIN-05
Added Pin To Net: NetName=DIN-06 Pin=S2-2
Added Pin To Net: NetName=DIN-06 Pin=U3-4
Added Net: Name=DIN-06
Added Pin To Net: NetName=DIN-07 Pin=S3-2
Added Pin To Net: NetName=DIN-07 Pin=U3-5
Added Net: Name=DIN-07
Added Pin To Net: NetName=DIN-08 Pin=S4-2
Added Pin To Net: NetName=DIN-08 Pin=U3-6
Added Net: Name=DIN-08
Added Pin To Net: NetName=DIN-09 Pin=S5-2
Added Pin To Net: NetName=DIN-09 Pin=U4-14
Added Net: Name=DIN-09
Added Pin To Net: NetName=DIN-10 Pin=S6-2
Added Pin To Net: NetName=DIN-10 Pin=U4-13
Added Net: Name=DIN-10
Added Pin To Net: NetName=DIN-11 Pin=S7-2
Added Pin To Net: NetName=DIN-11 Pin=U4-12
Added Net: Name=DIN-11
Added Pin To Net: NetName=DIN-12 Pin=S8-2
Added Pin To Net: NetName=DIN-12 Pin=U4-11
Added Net: Name=DIN-12
Added Pin To Net: NetName=DIN-13 Pin=S9-2
Added Pin To Net: NetName=DIN-13 Pin=U4-3
Added Net: Name=DIN-13
Added Pin To Net: NetName=DIN-14 Pin=S10-2
Added Pin To Net: NetName=DIN-14 Pin=U4-4
Added Net: Name=DIN-14
Added Pin To Net: NetName=DIN-15 Pin=S11-2
Added Pin To Net: NetName=DIN-15 Pin=U4-5
Added Net: Name=DIN-15
Added Pin To Net: NetName=DIN-16 Pin=S12-2
Added Pin To Net: NetName=DIN-16 Pin=U4-6
Added Net: Name=DIN-16
Added Pin To Net: NetName=DPOT A FB Pin=IC5-2
Added Pin To Net: NetName=DPOT A FB Pin=IC7-1
Added Net: Name=DPOT A FB
Added Pin To Net: NetName=DPOT A IN Pin=IC4-1
Added Pin To Net: NetName=DPOT A IN Pin=IC4-2
Added Pin To Net: NetName=DPOT A IN Pin=IC7-7
Added Net: Name=DPOT A IN
Added Pin To Net: NetName=DPOT A OUT Pin=IC5-1
Added Pin To Net: NetName=DPOT A OUT Pin=IC7-8
Added Pin To Net: NetName=DPOT A OUT Pin=J5-1
Added Net: Name=DPOT A OUT
Added Pin To Net: NetName=DPOT B FB Pin=IC5-6
Added Pin To Net: NetName=DPOT B FB Pin=IC11-1
Added Net: Name=DPOT B FB
Added Pin To Net: NetName=DPOT B IN Pin=IC4-6
Added Pin To Net: NetName=DPOT B IN Pin=IC4-7
Added Pin To Net: NetName=DPOT B IN Pin=IC11-7
Added Net: Name=DPOT B IN
Added Pin To Net: NetName=DPOT B OUT Pin=IC5-7
Added Pin To Net: NetName=DPOT B OUT Pin=IC11-8
Added Pin To Net: NetName=DPOT B OUT Pin=J6-1
Added Net: Name=DPOT B OUT
Added Pin To Net: NetName=ENC-PWR Pin=R17-1
Added Pin To Net: NetName=ENC-PWR Pin=U1-5
Added Net: Name=ENC-PWR
Added Pin To Net: NetName=IC2 FB Pin=IC2-2
Added Pin To Net: NetName=IC2 FB Pin=R1-1
Added Pin To Net: NetName=IC2 FB Pin=R3-2
Added Net: Name=IC2 FB
Added Pin To Net: NetName=IC2 VC+ Pin=C6-2
Added Pin To Net: NetName=IC2 VC+ Pin=C7-2
Added Pin To Net: NetName=IC2 VC+ Pin=IC2-1
Added Net: Name=IC2 VC+
Added Pin To Net: NetName=Jumper 1 Pin=D3-2
Added Pin To Net: NetName=Jumper 1 Pin=P1-1
Added Net: Name=Jumper 1
Added Pin To Net: NetName=MCLR Pin=J3-1
Added Pin To Net: NetName=MCLR Pin=R7-1
Added Net: Name=MCLR
Added Pin To Net: NetName=MPU CLR Pin=J3-22
Added Net: Name=MPU CLR
Added Pin To Net: NetName=N2 Pin=D2-1
Added Pin To Net: NetName=N2 Pin=D9-1
Added Pin To Net: NetName=N2 Pin=T1-5
Added Net: Name=N2
Added Pin To Net: NetName=N3 Pin=D4-2
Added Pin To Net: NetName=N3 Pin=D9-2
Added Pin To Net: NetName=N3 Pin=T1-8
Added Net: Name=N3
Added Pin To Net: NetName=NetC6_1 Pin=C6-1
Added Pin To Net: NetName=NetC6_1 Pin=R4-2
Added Net: Name=NetC6_1
Added Pin To Net: NetName=NetC23_1 Pin=C23-1
Added Pin To Net: NetName=NetC23_1 Pin=DS1-1
Added Net: Name=NetC23_1
Added Pin To Net: NetName=NetC24_1 Pin=C24-1
Added Pin To Net: NetName=NetC24_1 Pin=DS1-2
Added Net: Name=NetC24_1
Added Pin To Net: NetName=NetC25_1 Pin=C25-1
Added Pin To Net: NetName=NetC25_1 Pin=DS1-3
Added Net: Name=NetC25_1
Added Pin To Net: NetName=NetC26_1 Pin=C26-1
Added Pin To Net: NetName=NetC26_1 Pin=DS1-4
Added Net: Name=NetC26_1
Added Pin To Net: NetName=NetC27_1 Pin=C27-1
Added Pin To Net: NetName=NetC27_1 Pin=DS1-5
Added Net: Name=NetC27_1
Added Pin To Net: NetName=NetC28_1 Pin=C28-1
Added Pin To Net: NetName=NetC28_1 Pin=DS1-8
Added Net: Name=NetC28_1
Added Pin To Net: NetName=NetC28_2 Pin=C28-2
Added Pin To Net: NetName=NetC28_2 Pin=DS1-9
Added Net: Name=NetC28_2
Added Pin To Net: NetName=NetC29_2 Pin=C29-2
Added Pin To Net: NetName=NetC29_2 Pin=DS1-10
Added Net: Name=NetC29_2
Added Pin To Net: NetName=NetC30_1 Pin=C30-1
Added Pin To Net: NetName=NetC30_1 Pin=DS1-6
Added Net: Name=NetC30_1
Added Pin To Net: NetName=NetC30_2 Pin=C30-2
Added Pin To Net: NetName=NetC30_2 Pin=DS1-7
Added Net: Name=NetC30_2
Added Pin To Net: NetName=NetD3_1 Pin=D3-1
Added Pin To Net: NetName=NetD3_1 Pin=IC2-8
Added Pin To Net: NetName=NetD3_1 Pin=T1-3
Added Net: Name=NetD3_1
Added Pin To Net: NetName=NetD5_2 Pin=D5-2
Added Pin To Net: NetName=NetD5_2 Pin=R5-2
Added Net: Name=NetD5_2
Added Pin To Net: NetName=NetD6_2 Pin=D6-2
Added Pin To Net: NetName=NetD6_2 Pin=R8-2
Added Net: Name=NetD6_2
Added Pin To Net: NetName=NetD7_2 Pin=D7-2
Added Pin To Net: NetName=NetD7_2 Pin=R10-2
Added Net: Name=NetD7_2
Added Pin To Net: NetName=NetD10_1 Pin=D10-1
Added Pin To Net: NetName=NetD10_1 Pin=R13-1
Added Net: Name=NetD10_1
Added Pin To Net: NetName=NetD11_2 Pin=D11-2
Added Pin To Net: NetName=NetD11_2 Pin=R14-2
Added Net: Name=NetD11_2
Added Pin To Net: NetName=NetD12_2 Pin=D12-2
Added Pin To Net: NetName=NetD12_2 Pin=R15-2
Added Net: Name=NetD12_2
Added Pin To Net: NetName=NetD13_2 Pin=D13-2
Added Pin To Net: NetName=NetD13_2 Pin=R37-2
Added Net: Name=NetD13_2
Added Pin To Net: NetName=NetD14_2 Pin=D14-2
Added Pin To Net: NetName=NetD14_2 Pin=R36-2
Added Net: Name=NetD14_2
Added Pin To Net: NetName=NetDS1_12 Pin=DS1-12
Added Pin To Net: NetName=NetDS1_12 Pin=R32-1
Added Net: Name=NetDS1_12
Added Pin To Net: NetName=NetDS1_15 Pin=DS1-15
Added Net: Name=NetDS1_15
Added Pin To Net: NetName=NetDS1_16 Pin=DS1-16
Added Net: Name=NetDS1_16
Added Pin To Net: NetName=NetDS1_17 Pin=DS1-17
Added Net: Name=NetDS1_17
Added Pin To Net: NetName=NetDS1_A Pin=DS1-A
Added Pin To Net: NetName=NetDS1_A Pin=R33-1
Added Net: Name=NetDS1_A
Added Pin To Net: NetName=NetIC6_6 Pin=IC6-6
Added Net: Name=NetIC6_6
Added Pin To Net: NetName=NetIC7_6 Pin=IC7-6
Added Net: Name=NetIC7_6
Added Pin To Net: NetName=NetIC8_6 Pin=IC8-6
Added Net: Name=NetIC8_6
Added Pin To Net: NetName=NetIC11_6 Pin=IC11-6
Added Net: Name=NetIC11_6
Added Pin To Net: NetName=NetJ3_2 Pin=J3-2
Added Pin To Net: NetName=NetJ3_2 Pin=R40-2
Added Net: Name=NetJ3_2
Added Pin To Net: NetName=NetJ3_3 Pin=J3-3
Added Pin To Net: NetName=NetJ3_3 Pin=R41-2
Added Net: Name=NetJ3_3
Added Pin To Net: NetName=NetJ3_4 Pin=J3-4
Added Pin To Net: NetName=NetJ3_4 Pin=R42-2
Added Net: Name=NetJ3_4
Added Pin To Net: NetName=NetJ3_5 Pin=J3-5
Added Pin To Net: NetName=NetJ3_5 Pin=R38-1
Added Net: Name=NetJ3_5
Added Pin To Net: NetName=NetJ3_7 Pin=J3-7
Added Pin To Net: NetName=NetJ3_7 Pin=R39-2
Added Net: Name=NetJ3_7
Added Pin To Net: NetName=NetJ3_15 Pin=J3-15
Added Pin To Net: NetName=NetJ3_15 Pin=R43-2
Added Net: Name=NetJ3_15
Added Pin To Net: NetName=NetJ3_27 Pin=J3-27
Added Pin To Net: NetName=NetJ3_27 Pin=R23-1
Added Net: Name=NetJ3_27
Added Pin To Net: NetName=NetJ3_28 Pin=J3-28
Added Pin To Net: NetName=NetJ3_28 Pin=R24-1
Added Net: Name=NetJ3_28
Added Pin To Net: NetName=NetR1_2 Pin=R1-2
Added Pin To Net: NetName=NetR1_2 Pin=R2-1
Added Net: Name=NetR1_2
Added Pin To Net: NetName=NetR5_1 Pin=R5-1
Added Pin To Net: NetName=NetR5_1 Pin=R9-2
Added Net: Name=NetR5_1
Added Pin To Net: NetName=NetR10_1 Pin=R10-1
Added Pin To Net: NetName=NetR10_1 Pin=R11-2
Added Net: Name=NetR10_1
Added Pin To Net: NetName=NetR12_1 Pin=R12-1
Added Pin To Net: NetName=NetR12_1 Pin=R13-2
Added Net: Name=NetR12_1
Added Pin To Net: NetName=NetR31_1 Pin=R31-1
Added Net: Name=NetR31_1
Added Pin To Net: NetName=NetR34_1 Pin=R34-1
Added Pin To Net: NetName=NetR34_1 Pin=U3-16
Added Net: Name=NetR34_1
Added Pin To Net: NetName=NetR35_1 Pin=R35-1
Added Pin To Net: NetName=NetR35_1 Pin=U4-16
Added Net: Name=NetR35_1
Added Pin To Net: NetName=NetU1_1 Pin=U1-1
Added Pin To Net: NetName=NetU1_1 Pin=U3-11
Added Net: Name=NetU1_1
Added Pin To Net: NetName=NetU1_3 Pin=U1-3
Added Pin To Net: NetName=NetU1_3 Pin=U3-13
Added Net: Name=NetU1_3
Added Pin To Net: NetName=OSC A + Pin=IC4-3
Added Pin To Net: NetName=OSC A + Pin=IC6-1
Added Net: Name=OSC A +
Added Pin To Net: NetName=OSC B + Pin=IC4-5
Added Pin To Net: NetName=OSC B + Pin=IC8-1
Added Net: Name=OSC B +
Added Pin To Net: NetName=PGC Pin=J1-5
Added Pin To Net: NetName=PGC Pin=R23-2
Added Net: Name=PGC
Added Pin To Net: NetName=PGD Pin=J1-4
Added Pin To Net: NetName=PGD Pin=R24-2
Added Net: Name=PGD
Added Pin To Net: NetName=Pgr jmp 1 Pin=J1-1
Added Pin To Net: NetName=Pgr jmp 1 Pin=P3-2
Added Pin To Net: NetName=Pgr jmp 1 Pin=R6-1
Added Pin To Net: NetName=Pgr jmp 1 Pin=R7-2
Added Net: Name=Pgr jmp 1
Added Pin To Net: NetName=Prg jmp 2 Pin=C17-2
Added Pin To Net: NetName=Prg jmp 2 Pin=P3-1
Added Net: Name=Prg jmp 2
Added Pin To Net: NetName=SDA OUT Pin=IC6-4
Added Pin To Net: NetName=SDA OUT Pin=IC7-5
Added Pin To Net: NetName=SDA OUT Pin=IC8-4
Added Pin To Net: NetName=SDA OUT Pin=IC11-5
Added Pin To Net: NetName=SDA OUT Pin=J3-16
Added Net: Name=SDA OUT
Added Pin To Net: NetName=SHR 1 Pin=J3-17
Added Pin To Net: NetName=SHR 1 Pin=U3-9
Added Net: Name=SHR 1
Added Pin To Net: NetName=SHR 2 Pin=J3-18
Added Pin To Net: NetName=SHR 2 Pin=U4-9
Added Net: Name=SHR 2
Added Pin To Net: NetName=SI DS Pin=DS1-13
Added Pin To Net: NetName=SI DS Pin=J3-21
Added Net: Name=SI DS
Added Pin To Net: NetName=SW-DIN-05 Pin=R16-2
Added Pin To Net: NetName=SW-DIN-05 Pin=S1-1
Added Net: Name=SW-DIN-05
Added Pin To Net: NetName=SW-DIN-06 Pin=R18-2
Added Pin To Net: NetName=SW-DIN-06 Pin=S2-1
Added Net: Name=SW-DIN-06
Added Pin To Net: NetName=SW-DIN-07 Pin=R19-2
Added Pin To Net: NetName=SW-DIN-07 Pin=S3-1
Added Net: Name=SW-DIN-07
Added Pin To Net: NetName=SW-DIN-08 Pin=R20-2
Added Pin To Net: NetName=SW-DIN-08 Pin=S4-1
Added Net: Name=SW-DIN-08
Added Pin To Net: NetName=SW-DIN-09 Pin=R21-2
Added Pin To Net: NetName=SW-DIN-09 Pin=S5-1
Added Net: Name=SW-DIN-09
Added Pin To Net: NetName=SW-DIN-10 Pin=R22-2
Added Pin To Net: NetName=SW-DIN-10 Pin=S6-1
Added Net: Name=SW-DIN-10
Added Pin To Net: NetName=SW-DIN-11 Pin=R25-2
Added Pin To Net: NetName=SW-DIN-11 Pin=S7-1
Added Net: Name=SW-DIN-11
Added Pin To Net: NetName=SW-DIN-12 Pin=R26-2
Added Pin To Net: NetName=SW-DIN-12 Pin=S8-1
Added Net: Name=SW-DIN-12
Added Pin To Net: NetName=SW-DIN-13 Pin=R27-2
Added Pin To Net: NetName=SW-DIN-13 Pin=S9-1
Added Net: Name=SW-DIN-13
Added Pin To Net: NetName=SW-DIN-14 Pin=R28-2
Added Pin To Net: NetName=SW-DIN-14 Pin=S10-1
Added Net: Name=SW-DIN-14
Added Pin To Net: NetName=SW-DIN-15 Pin=R29-2
Added Pin To Net: NetName=SW-DIN-15 Pin=S11-1
Added Net: Name=SW-DIN-15
Added Pin To Net: NetName=SW-DIN-16 Pin=R30-2
Added Pin To Net: NetName=SW-DIN-16 Pin=S12-1
Added Net: Name=SW-DIN-16
Added Pin To Net: NetName=SYNC Pin=DS1-14
Added Pin To Net: NetName=SYNC Pin=IC6-5
Added Pin To Net: NetName=SYNC Pin=IC7-4
Added Pin To Net: NetName=SYNC Pin=IC8-5
Added Pin To Net: NetName=SYNC Pin=IC11-4
Added Pin To Net: NetName=SYNC Pin=J3-14
Added Pin To Net: NetName=SYNC Pin=TP8-TP1
Added Net: Name=SYNC
Added Pin To Net: NetName=TP1 Pin=IC2-3
Added Pin To Net: NetName=TP1 Pin=TP1-TP1
Added Net: Name=TP1
Added Pin To Net: NetName=TP9 Pin=T1-4
Added Pin To Net: NetName=TP9 Pin=TP9-TP1
Added Net: Name=TP9
Added Pin To Net: NetName=TP10 Pin=T1-1
Added Pin To Net: NetName=TP10 Pin=TP10-TP1
Added Net: Name=TP10
Added Pin To Net: NetName=VCC Pin=A1-1
Added Pin To Net: NetName=VCC Pin=C1-2
Added Pin To Net: NetName=VCC Pin=C2-1
Added Pin To Net: NetName=VCC Pin=C3-2
Added Pin To Net: NetName=VCC Pin=C8-2
Added Pin To Net: NetName=VCC Pin=C18-2
Added Pin To Net: NetName=VCC Pin=D1-2
Added Pin To Net: NetName=VCC Pin=D5-1
Added Pin To Net: NetName=VCC Pin=IC1-3
Added Pin To Net: NetName=VCC Pin=IC2-5
Added Pin To Net: NetName=VCC Pin=P1-2
Added Pin To Net: NetName=VCC Pin=T1-2
Added Net: Name=VCC
Added Pin To Net: NetName=Vin Pin=D1-1
Added Pin To Net: NetName=Vin Pin=J2-1
Added Net: Name=Vin
Added Pin To Net: NetName=X_N Pin=C10-2
Added Pin To Net: NetName=X_N Pin=J3-11
Added Pin To Net: NetName=X_N Pin=XTAL1-2
Added Net: Name=X_N
Added Pin To Net: NetName=X_P Pin=C22-2
Added Pin To Net: NetName=X_P Pin=J3-12
Added Pin To Net: NetName=X_P Pin=XTAL1-1
Added Net: Name=X_P
Added Pin To Net: NetName=Y_N Pin=C21-2
Added Pin To Net: NetName=Y_N Pin=J3-10
Added Pin To Net: NetName=Y_N Pin=TP7-TP1
Added Pin To Net: NetName=Y_N Pin=Y1-1
Added Net: Name=Y_N
Added Pin To Net: NetName=Y_P Pin=C16-2
Added Pin To Net: NetName=Y_P Pin=J3-9
Added Pin To Net: NetName=Y_P Pin=TP6-TP1
Added Pin To Net: NetName=Y_P Pin=Y1-2
Added Net: Name=Y_P
Added Class: Name=Interface
Added Class: Name=Oscillator
Added Class: Name=PIC
Added Class: Name=Power management
Added Class: Name=Shift register map
